species,longitude,latitude,reference
Abies pindrow,77.37,31.75,Paul2019
Abies pindrow,77.7,31.36,Paul2019
Abies pindrow,77.69,31.36,Paul2019
Abies pindrow,77.96,31.23,Paul2019
Abies pindrow,77.62,31.12,Paul2019
Abies pindrow,77.54,30.98,Paul2019
Abies pindrow,76.17,32.93,Paul2019
Abies pindrow,77.30972222,32.24805556,Rawat2010
Abies pindrow,76.72972222,32.78527778,Rawat2010
Abies pindrow,77.325,31.89277778,Sharma2013
Abies pindrow,77.33111111,31.89111111,Sharma2013
Abies pindrow,77.28972222,32.09222222,Sharma2013
Abies pindrow,80.21253889,30.06418889,Shekhar2022
Abies pindrow,77.4675,31.75416667,Singh2021
Abies pindrow,77.46638889,31.74472222,Singh2021
Abies pindrow,77.45222222,31.76638889,Singh2021
Abies pindrow,77.67778333,31.80808333,Singh2021
Abies pindrow,77.43493333,31.87336667,Singh2021
Abies pindrow,77.42248333,31.8583,Singh2021
Abies pindrow,77.39826667,31.68635,Singh2021
Abies pindrow,77.51083333,31.66333333,Singh2021
Abies pindrow,77.51305,31.66051667,Singh2021
Abies pindrow,77.51578333,31.6654,Singh2021
Abies pindrow,77.5181,31.67293333,Singh2021
Abies pindrow,77.51486667,31.66053333,Singh2021
Abies pindrow,77.51141667,31.66065,Singh2021
Abies pindrow,77.5235,31.67381833,Singh2021
Abies pindrow,78.51466667,30.91752778,Tiwari2018
Abies pindrow,78.76969444,30.656,Tiwari2023
Abies pindrow,78.27475,30.40961111,Tiwari2023
Abies pindrow,78.29588889,30.41322222,Tiwari2023
Abies pindrow,79.43083333,30.64522222,Tiwari2023
Abies pindrow,78.58458333,30.81627778,Tiwari2023
Abies pindrow,78.49916667,30.41522222,Tiwari2023
Abies pindrow,78.668,30.40813889,Sharma2018
Abies pindrow,78.76969444,30.81627778,Sharma2018
Abies pindrow,78.79305556,30.83227778,Sharma2018
Abies spectabilis,80.21253889,30.06418889,Shekhar2022
Abies spectabilis,80.648575,30.029925,Shekhar2022
Abies spectabilis,77.51706667,31.669,Singh2021
Abies spectabilis,78.55905556,30.8265,Tiwari2018
Abies spectabilis,78.56522222,30.65358333,Tiwari2023
Abies spectabilis,78.76969444,30.81627778,Sharma2018
Abies spectabilis,78.77002778,30.83141667,Sharma2018
Abies spectabilis,78.79305556,30.83227778,Sharma2018
Acacia catechu,78.71938889,29.93358333,Sharma2018
Acer acuminatum,77.4,31.74,Paul2019
Acer acuminatum,77.38,31.75,Paul2019
Acer acuminatum,77.37,31.75,Paul2019
Acer acuminatum,76.43,32.99,Paul2019
Acer acuminatum,77.4,31.82,Paul2019
Acer acuminatum,76.34,32.84,Paul2019
Acer acuminatum,76.42,32.96,Paul2019
Acer acuminatum,78.34,31.4,Paul2019
Acer acuminatum,77.7,31.36,Paul2019
Acer acuminatum,77.96,31.23,Paul2019
Acer acuminatum,77.54,30.98,Paul2019
Acer acuminatum,77.44,32.02,Paul2019
Acer acuminatum,76.17,32.93,Paul2019
Acer acuminatum,76.36,32.7,Paul2019
Acer acuminatum,77.41833333,32,Sharma2013
Acer acuminatum,77.51153333,31.80753333,Singh2021
Acer acuminatum,77.42268333,31.86341667,Singh2021
Acer acuminatum,77.39826667,31.68635,Singh2021
Acer acuminatum,77.48965,31.69165,Singh2021
Acer acuminatum,77.48826667,31.69043333,Singh2021
Acer acuminatum,77.51141667,31.66065,Singh2021
Acer acuminatum,77.56046667,31.70483333,Singh2021
Acer acuminatum,78.76969444,30.656,Tiwari2023
Acer acuminatum,79.43083333,30.64522222,Tiwari2023
Acer acuminatum,78.76969444,30.81627778,Sharma2018
Acer acuminatum,78.77002778,30.83141667,Sharma2018
Acer caesium,77.5181,31.67293333,Singh2021
Acer cappadocicum,77.4,31.75,Paul2019
Acer cappadocicum,77.5,31.79,Paul2019
Acer cappadocicum,76.35,32.7,Paul2019
Acer cappadocicum,77.45027778,31.9975,Sharma2013
Acer cappadocicum,77.51706667,31.669,Singh2021
Achmenthera gossypium,79.56893917,29.42036889,Bargali2022
Achmenthera gossypium,79.46125139,29.34672389,Bargali2022
Achmenthera gossypium,79.44346972,29.42892667,Bargali2022
Achmenthera gossypium,78.15411111,29.95457778,Bargali2022
Achyranthes aspera,79.34796389,29.285375,Pandey2023
Aegle marmelos,79.34796389,29.285375,Pandey2023
Aesculus indica,75.95811667,32.54073333,Barman2023
Aesculus indica,76.04736667,32.53568333,Barman2023
Aesculus indica,77.4,31.74,Paul2019
Aesculus indica,77.38,31.75,Paul2019
Aesculus indica,77.37,31.75,Paul2019
Aesculus indica,77.47,31.79,Paul2019
Aesculus indica,76.17,32.93,Paul2019
Aesculus indica,76.35,32.7,Paul2019
Aesculus indica,77.35805556,31.82972222,Sharma2013
Aesculus indica,77.38194444,31.99611111,Sharma2013
Aesculus indica,77.41138889,32.00194444,Sharma2013
Aesculus indica,77.34916667,31.89027778,Sharma2013
Aesculus indica,77.32416667,31.89222222,Sharma2013
Aescuslus indica,77.35166667,31.76861111,Sharma2013
Ageratina adenophora,79.57608333,29.37288889,KumarMukesh2021
Ageratina adenophora,79.5945,29.38236111,KumarMukesh2021
Ageratina adenophora,79.52277778,29.37319444,KumarMukesh2021
Ajuga bracteosa,79.65471611,29.23717944,Bargali2022
Ajuga bracteosa,79.53938056,29.49164222,Bargali2022
Ajuga bracteosa,79.65471611,29.23717944,Bargali2022
Ajuga bracteosa,79.63745083,29.39074889,Bargali2022
Albizia lebbek,76.0627,32.59623333,Barman2023
Albizia lebbek,76.17195,32.22928333,Barman2023
Alnus nitida,77.355,31.77027778,Sharma2013
Alnus nitida,77.40138889,31.77777778,Sharma2013
Alnus nitida,77.39055556,31.7725,Sharma2013
Alnus nitida,77.34916667,31.89027778,Sharma2013
Alnus nitida,77.31527778,31.8875,Sharma2013
Alnus nitida,77.34944444,31.89388889,Sharma2013
Alnus nitida,77.33972222,31.88916667,Sharma2013
Anaphalis adnata,79.65471611,29.23717944,Bargali2022
Anaphalis adnata,79.53938056,29.49164222,Bargali2022
Anaphalis adnata,79.65471611,29.23717944,Bargali2022
Anaphalis adnata,79.63745083,29.39074889,Bargali2022
Anaphalis aristata,79.56893917,29.42036889,Bargali2022
Anaphalis aristata,79.46125139,29.34672389,Bargali2022
Anaphalis aristata,79.44346972,29.42892667,Bargali2022
Anaphalis aristata,78.15411111,29.95457778,Bargali2022
Anogeissus latifolia,78.62663889,30.07372222,Sharma2018
Anogeissus latifolia,78.33080556,30.06902778,Sharma2018
Arundinella prunella,79.56893917,29.42036889,Bargali2022
Arundinella prunella,79.46125139,29.34672389,Bargali2022
Arundinella prunella,79.44346972,29.42892667,Bargali2022
Arundinella prunella,78.15411111,29.95457778,Bargali2022
Asparagus filicinus,77.35555556,31.87777778,Sharma2013
Barleria cristata,79.56893917,29.42036889,Bargali2022
Barleria cristata,79.46125139,29.34672389,Bargali2022
Barleria cristata,79.44346972,29.42892667,Bargali2022
Barleria cristata,78.15411111,29.95457778,Bargali2022
Bauhinia variegata,76.17195,32.22928333,Barman2023
Bauhinia variegata,79.34796389,29.285375,Pandey2023
Berberis aristata,77.38777778,31.77361111,Sharma2013
Berberis aristata,77.26694444,32.06666667,Sharma2013
Berberis asiatica,79.57608333,29.37288889,KumarMukesh2021
Berberis asiatica,79.5945,29.38236111,KumarMukesh2021
Berberis asiatica,79.52277778,29.37319444,KumarMukesh2021
Berberis jaeschkeana,77.5167,31.65976667,Singh2021
Berberis lycium,77.38416667,31.78027778,Sharma2013
Berberis lycium,77.33083333,31.78638889,Sharma2013
Berberis lycium,77.25222222,32.06027778,Sharma2013
Betula alnoides,77.69,31.36,Paul2019
Betula alnoides,77.31027778,31.80888889,Sharma2013
Betula alnoides,77.31,31.81222222,Sharma2013
Betula alnoides,77.31527778,31.8875,Sharma2013
Betula alnoides,77.34944444,31.89388889,Sharma2013
Betula alnoides,77.32611111,31.89333333,Sharma2013
Betula alnoides,78.21083056,30.75648333,Shekhar2022
Betula utilis,85.38,28.09,Hamid2019
Betula utilis,85.21,28.16,Hamid2019
Betula utilis,86.65,27.98,Hamid2019
Betula utilis,87.89,27.66,Hamid2019
Betula utilis,94.57,29.56,Hamid2019
Betula utilis,84.03,28.67,Hamid2019
Betula utilis,95.69,29.8,Hamid2019
Betula utilis,84.15,28.61,Hamid2019
Betula utilis,81.09,29.65,Hamid2019
Betula utilis,82.16,29.34,Hamid2019
Betula utilis,86.68,27.82,Hamid2019
Betula utilis,80.27,30.3,Hamid2019
Betula utilis,80.18,30.33,Hamid2019
Betula utilis,72.64,35.32,Hamid2019
Betula utilis,85.56,28.21,Hamid2019
Betula utilis,96.65,29.48,Hamid2019
Betula utilis,74.57,35.38,Hamid2019
Betula utilis,90.85,28.3,Hamid2019
Betula utilis,83.9,28.1,Hamid2019
Betula utilis,92.53,28.6,Hamid2019
Betula utilis,94.87,29.9,Hamid2019
Betula utilis,93.92,29.03,Hamid2019
Betula utilis,73.53,34.78,Hamid2019
Betula utilis,77.23,32.35,Hamid2019
Betula utilis,94.93,29.58,Hamid2019
Betula utilis,87.17,27.98,Hamid2019
Betula utilis,87.28,28.07,Hamid2019
Betula utilis,77.28,31.08,Hamid2019
Betula utilis,89.48,27.93,Hamid2019
Betula utilis,89.55,27.71,Hamid2019
Betula utilis,71.4,35.67,Hamid2019
Betula utilis,71.28,35.93,Hamid2019
Betula utilis,97.46,28.66,Hamid2019
Betula utilis,77.85,30.75,Hamid2019
Betula utilis,74.83,34.63,Hamid2019
Betula utilis,88.55,27.73,Hamid2019
Betula utilis,88.7,27.83,Hamid2019
Betula utilis,75.2,33.42,Hamid2019
Betula utilis,76.38,33.42,Hamid2019
Betula utilis,78.33,31.63,Hamid2019
Betula utilis,78.83,31.03,Hamid2019
Betula utilis,88.53,27.9,Hamid2019
Betula utilis,75.77,33.32,Hamid2019
Betula utilis,76.35,33.13,Hamid2019
Betula utilis,76.17,32.55,Hamid2019
Betula utilis,86.81,27.65,Hamid2019
Betula utilis,74.05,35.2,Hamid2019
Betula utilis,90.57,27.52,Hamid2019
Betula utilis,89.58,28.02,Hamid2019
Betula utilis,85.35,28.17,Hamid2019
Betula utilis,74.33,34.03,Hamid2019
Betula utilis,77.48,30.88,Hamid2019
Betula utilis,77.27,32.07,Hamid2019
Betula utilis,75.42,34.3,Hamid2019
Betula utilis,86.72,27.7,Hamid2019
Betula utilis,77.02,32.65,Hamid2019
Betula utilis,77.13,32.17,Hamid2019
Betula utilis,74.82,34.08,Hamid2019
Betula utilis,89.75,27.48,Hamid2019
Betula utilis,80.07,30.82,Hamid2019
Betula utilis,77.01,32.58,Hamid2019
Betula utilis,71.78,35.85,Hamid2019
Betula utilis,89.22,27.67,Hamid2019
Betula utilis,75.3,34.3,Hamid2019
Betula utilis,82.4,28.8,Hamid2019
Betula utilis,72.65,35.53,Hamid2019
Betula utilis,83.68,28.75,Hamid2019
Betula utilis,78.42,31.15,Hamid2019
Betula utilis,73.5,34.4,Hamid2019
Betula utilis,79.33,30.25,Hamid2019
Betula utilis,76.67,32.83,Hamid2019
Betula utilis,88.07,27.78,Hamid2019
Betula utilis,72.65,35.43,Hamid2019
Betula utilis,90.93,27.42,Hamid2019
Betula utilis,88.08,27.02,Hamid2019
Betula utilis,75.33,34.17,Hamid2019
Betula utilis,77.5,31.25,Hamid2019
Betula utilis,74.1,33.77,Hamid2019
Betula utilis,76.62,31.65,Hamid2019
Betula utilis,75.17,33.5,Hamid2019
Betula utilis,78.97,29.23,Hamid2019
Betula utilis,77.38,32.62,Hamid2019
Betula utilis,79.56,30.29,Hamid2019
Betula utilis,79.05,30.95,Hamid2019
Betula utilis,80.22,29.58,Hamid2019
Betula utilis,74.87,34.26,Hamid2019
Betula utilis,75.48,33.62,Hamid2019
Betula utilis,74.64,34.52,Hamid2019
Betula utilis,74.97,34.15,Hamid2019
Betula utilis,88.66,27.59,Hamid2019
Betula utilis,79.49105556,30.73837222,Shekhar2022
Betula utilis,79.728,30.14288889,Shekhar2022
Betula utilis,80.21253889,30.06418889,Shekhar2022
Betula utilis,80.648575,30.029925,Shekhar2022
Betula utilis,79.20197778,30.486475,Shekhar2022
Betula utilis,78.46011111,30.99516667,Shekhar2022
Betula utilis,77.4675,31.75416667,Singh2021
Betula utilis,77.42268333,31.86341667,Singh2021
Betula utilis,77.51486667,31.66053333,Singh2021
Betula utilis,77.569,31.70505,Singh2021
Betula utilis,77.5483,31.67653333,Singh2021
Betula utilis,78.76969444,30.656,Tiwari2023
Betula utilis,78.77002778,30.83141667,Sharma2018
Betula utilis,78.79305556,30.83227778,Sharma2018
Butea monosperma,79.54558611,29.29842222,Pandey2023
Caragana gerardiana,77.25222222,32.06027778,Sharma2013
Carpinus viminea,77.33972222,31.88916667,Sharma2013
Carpinus viminea,79.24163889,30.45319444,Shekhar2022
Cassia fistula,79.34796389,29.285375,Pandey2023
Cassia fistula,78.62663889,30.07372222,Sharma2018
Cassia fistula,78.33080556,30.06902778,Sharma2018
Cedrus deodara,76.15186667,32.89928333,Barman2023
Cedrus deodara,75.94546667,32.54456667,Barman2023
Cedrus deodara,75.95811667,32.54073333,Barman2023
Cedrus deodara,76.04736667,32.53568333,Barman2023
Cedrus deodara,76.06665,32.53973333,Barman2023
Cedrus deodara,76.04516667,32.47578333,Barman2023
Cedrus deodara,76.05268333,32.53796667,Barman2023
Cedrus deodara,76.051,32.54755,Barman2023
Cedrus deodara,76.05201667,32.54575,Barman2023
Cedrus deodara,80.00915833,29.35524444,Joshi2023
Cedrus deodara,76.47,32.91,Paul2019
Cedrus deodara,76.42,32.96,Paul2019
Cedrus deodara,76.37,33.11,Paul2019
Cedrus deodara,77.30972222,32.24805556,Rawat2010
Cedrus deodara,76.72972222,32.78527778,Rawat2010
Cedrus deodara,77.38,31.7625,Sharma2013
Cedrus deodara,77.31333333,31.78694444,Sharma2013
Cedrus deodara,77.30916667,31.78583333,Sharma2013
Cedrus deodara,77.32472222,31.76805556,Sharma2013
Cedrus deodara,77.31638889,31.79916667,Sharma2013
Cedrus deodara,77.32333333,31.77166667,Sharma2013
Cedrus deodara,77.32638889,31.77611111,Sharma2013
Cedrus deodara,77.46277778,31.99583333,Sharma2013
Cedrus deodara,77.43666667,31.99444444,Sharma2013
Cedrus deodara,77.39138889,32.00555556,Sharma2013
Cedrus deodara,77.32638889,31.87027778,Sharma2013
Cedrus deodara,77.25944444,32.0475,Sharma2013
Cedrus deodara,77.26305556,32.05333333,Sharma2013
Cedrus deodara,77.26694444,32.05361111,Sharma2013
Cedrus deodara,77.26111111,32.05,Sharma2013
Cedrus deodara,77.25944444,32.05138889,Sharma2013
Cedrus deodara,79.56494444,30.52397222,Shekhar2022
Cedrus deodara,77.91633333,30.78122222,Shekhar2022
Cedrus deodara,77.83272222,30.75844444,Shekhar2022
Cedrus deodara,77.86611944,30.74791111,Shekhar2022
Cedrus deodara,79.43557778,29.4063,Shekhar2022
Cedrus deodara,79.32799444,29.50275556,Shekhar2022
Cedrus deodara,78.21891667,30.44063889,Tiwari2018
Cedrus deodara,78.77002778,30.57844444,Tiwari2018
Cedrus deodara,78.77002778,30.44841667,Tiwari2023
Cedrus deodara,78.7105,30.451,Tiwari2023
Cedrus deodara,78.49172222,30.45333333,Tiwari2023
Cedrus deodara,78.656,30.16411111,Sharma2018
Cedrus deodara,78.66130556,30.17516667,Sharma2018
Cedrus deodara,78.668,30.40813889,Sharma2018
Cedrus deodara,78.76969444,30.81627778,Sharma2018
Cedrus deodara,78.77002778,30.83141667,Sharma2018
Celtis australis,77.4,31.74,Paul2019
Celtis australis,77.4,31.75,Paul2019
Celtis australis,77.38,31.75,Paul2019
Celtis australis,76.43,32.99,Paul2019
Celtis australis,77.47,31.79,Paul2019
Celtis australis,76.35,32.7,Paul2019
Celtis australis,77.38444444,31.76861111,Sharma2013
Celtis australis,77.37722222,31.83777778,Sharma2013
Celtis australis,77.35805556,31.82972222,Sharma2013
Celtis australis,77.35166667,31.76861111,Sharma2013
Celtis australis,77.34916667,31.89027778,Sharma2013
Clerodendrum infortunatum,79.34104361,29.29838667,Bargali2022
Clerodendrum infortunatum,79.70686778,29.42063222,Bargali2022
Clerodendrum infortunatum,79.60410972,29.37789444,Bargali2022
Clerodendrum infortunatum,79.34104361,29.29838667,Bargali2022
Clerodendrum viscosum,79.34796389,29.285375,Pandey2023
Colebrookea oppositifolia,79.46125139,29.34672389,Bargali2022
Colebrookea oppositifolia,79.40130278,29.46306972,Bargali2022
Colebrookea oppositifolia,79.65217556,29.46564139,Bargali2022
Colebrookea oppositifolia,79.65273389,29.39512417,Bargali2022
Colebrookea oppositifolia,79.56893917,29.42036889,Bargali2022
Colebrookea oppositifolia,79.46125139,29.34672389,Bargali2022
Colebrookea oppositifolia,79.44346972,29.42892667,Bargali2022
Colebrookea oppositifolia,78.15411111,29.95457778,Bargali2022
Conyza aezibica,79.34104361,29.29838667,Bargali2022
Conyza aezibica,79.70686778,29.42063222,Bargali2022
Conyza aezibica,79.60410972,29.37789444,Bargali2022
Conyza aezibica,79.34104361,29.29838667,Bargali2022
Cornus macrophylla,77.35361111,31.77055556,Sharma2013
Cornus macrophylla,77.33944444,31.81583333,Sharma2013
Cornus macrophylla,77.33277778,31.805,Sharma2013
Cornus macrophylla,77.34166667,31.8725,Sharma2013
Cornus macrophylla,77.32611111,31.89333333,Sharma2013
Cornus macrophylla,77.27222222,32.07,Sharma2013
Corylus ferox,76.43,32.99,Paul2019
Corylus ferox,76.34,32.84,Paul2019
Corylus ferox,76.42,32.96,Paul2019
Corylus jacquemontii,77.34055556,31.88305556,Sharma2013
Cotoneaster acuminatus,77.25222222,32.06027778,Sharma2013
Cotoneaster acuminatus,77.25833333,32.06138889,Sharma2013
Cotoneaster bacillaris,77.4375,31.99861111,Sharma2013
Cotoneaster obtusus,77.49068333,31.69431667,Singh2021
Crysopogon grillus,79.34104361,29.29838667,Bargali2022
Crysopogon grillus,79.70686778,29.42063222,Bargali2022
Crysopogon grillus,79.60410972,29.37789444,Bargali2022
Crysopogon grillus,79.34104361,29.29838667,Bargali2022
Cupressus torulosa,79.43557778,29.4063,Shekhar2022
Cynodon dactylon,79.34796389,29.285375,Pandey2023
Dalbergia sissoo,79.30148333,29.32324722,Pandey2023
Desmodium elegans,77.33083333,31.78638889,Sharma2013
Desmodium elegans,77.4375,31.99861111,Sharma2013
Desmodium elegans,77.26694444,32.06666667,Sharma2013
Desmodium elegans,77.26805556,32.06916667,Sharma2013
Desmodium microphyllum,79.46125139,29.34672389,Bargali2022
Desmodium microphyllum,79.40130278,29.46306972,Bargali2022
Desmodium microphyllum,79.65217556,29.46564139,Bargali2022
Desmodium microphyllum,79.65273389,29.39512417,Bargali2022
Deutzia staminea,77.46388889,31.99527778,Sharma2013
Drepanostachyum falcatum,77.07380556,31.88258333,Meena2023
Drepanostachyum falcatum,77.309,31.87036111,Meena2023
Drepanostachyum falcatum,77.50716667,30.66397222,Meena2023
Drepanostachyum falcatum,77.45283333,30.80552778,Meena2023
Drepanostachyum falcatum,77.74077778,31.36905556,Meena2023
Drepanostachyum falcatum,77.28463889,31.41566667,Meena2023
Drepanostachyum falcatum,76.26061111,32.55144444,Meena2023
Drepanostachyum falcatum,76.05538889,32.5445,Meena2023
Drepanostachyum falcatum,76.11322222,32.36105556,Meena2023
Drepanostachyum falcatum,76.73877778,32.04930556,Meena2023
Drepanostachyum falcatum,80.23658333,30.10725,Meena2023
Drepanostachyum falcatum,80.02822222,30.01386111,Meena2023
Drepanostachyum falcatum,79.82991667,29.69580556,Meena2023
Drepanostachyum falcatum,79.58480556,30.01530556,Meena2023
Drepanostachyum falcatum,77.76627778,30.95080556,Meena2023
Drepanostachyum falcatum,78.30061111,30.87055556,Meena2023
Drepanostachyum falcatum,78.05697222,30.47227778,Meena2023
Drepanostachyum falcatum,78.68644444,30.94047222,Meena2023
Drepanostachyum falcatum,78.65827778,30.64994444,Meena2023
Drepanostachyum falcatum,79.65070556,29.48111111,Meena2023
Drepanostachyum falcatum,79.40586111,29.46194444,Meena2023
Drepanostachyum falcatum,80.57613889,29.98744444,Meena2023
Drepanostachyum falcatum,78.89641667,30.17844444,Meena2023
Drepanostachyum falcatum,79.26044444,30.46608333,Meena2023
Drepanostachyum falcatum,78.20308333,31.06375,Meena2023
Drepanostachyum falcatum,78.07213889,31.13036111,Meena2023
Ehretia laevis,79.54558611,29.29842222,Pandey2023
Eupatorium odoratum,79.65471611,29.23717944,Bargali2022
Eupatorium odoratum,79.53938056,29.49164222,Bargali2022
Eupatorium odoratum,79.65471611,29.23717944,Bargali2022
Eupatorium odoratum,79.63745083,29.39074889,Bargali2022
Ficus palmata,76.0627,32.59623333,Barman2023
Flemengia strobilifera,79.34104361,29.29838667,Bargali2022
Flemengia strobilifera,79.70686778,29.42063222,Bargali2022
Flemengia strobilifera,79.60410972,29.37789444,Bargali2022
Flemengia strobilifera,79.34104361,29.29838667,Bargali2022
Fraxinus micrantha,77.37722222,31.83777778,Sharma2013
Fraxinus micrantha,79.24163889,30.45319444,Shekhar2022
Fraxinus micrantha,79.56494444,30.52397222,Shekhar2022
Fraxinus xanthoxyloides,76.43,32.99,Paul2019
Fraxinus xanthoxyloides,76.34,32.84,Paul2019
Fraxinus xanthoxyloides,76.47,32.91,Paul2019
Fraxinus xanthoxyloides,76.42,32.96,Paul2019
Geranium wallichianum,79.65471611,29.23717944,Bargali2022
Geranium wallichianum,79.53938056,29.49164222,Bargali2022
Geranium wallichianum,79.65471611,29.23717944,Bargali2022
Geranium wallichianum,79.63745083,29.39074889,Bargali2022
Glochidion velutinum,79.30148333,29.32324722,Pandey2023
Grewia asiatica,79.30148333,29.32324722,Pandey2023
Grewia optiva,79.34796389,29.285375,Pandey2023
Grewia optiva,79.54699722,29.28611944,Pandey2023
Haldina cordifolia,78.62663889,30.07372222,Sharma2018
Hippophae salicifolia,77.2525,32.05861111,Sharma2013
Hippophae salicifolia,77.26861111,32.06388889,Sharma2013
Hippophae salicifolia,77.26944444,32.06805556,Sharma2013
Holarrhena pubescens,79.34796389,29.285375,Pandey2023
Holarrhena pubescens,79.54699722,29.28611944,Pandey2023
Holarrhena pubescens,79.54558611,29.29842222,Pandey2023
Holoptelea integrifolia,79.34796389,29.285375,Pandey2023
Ilex dipyrena,78.21891667,30.44063889,Tiwari2018
Indigofera heterantha,77.4375,31.99861111,Sharma2013
Indigofera heterantha,77.26694444,32.06666667,Sharma2013
Indigofera heterantha,77.25222222,32.06027778,Sharma2013
Indigofera heterantha,77.26805556,32.06916667,Sharma2013
Inula cuppa,79.65471611,29.23717944,Bargali2022
Inula cuppa,79.53938056,29.49164222,Bargali2022
Inula cuppa,79.65471611,29.23717944,Bargali2022
Inula cuppa,79.63745083,29.39074889,Bargali2022
Juglans regia,76.15186667,32.89928333,Barman2023
Juglans regia,77.38,31.75,Paul2019
Juglans regia,76.43,32.99,Paul2019
Juglans regia,77.5,31.79,Paul2019
Juglans regia,77.52,31.79,Paul2019
Juglans regia,77.47,31.79,Paul2019
Juglans regia,76.45,32.76,Paul2019
Juglans regia,76.34,32.84,Paul2019
Juglans regia,76.99,32.03,Paul2019
Juglans regia,76.17,32.93,Paul2019
Juglans regia,76.36,32.7,Paul2019
Juglans regia,77.37722222,31.83777778,Sharma2013
Juglans regia,77.35777778,31.76333333,Sharma2013
Juglans regia,77.41527778,31.97027778,Sharma2013
Juglans regia,77.26944444,32.05944444,Sharma2013
Juglans regia,77.48826667,31.69043333,Singh2021
Juglans regia,77.51706667,31.669,Singh2021
Juniperus communis,77.49476667,31.71303333,Singh2021
Juniperus indica,77.5167,31.65976667,Singh2021
Lannea coromandelica,79.54699722,29.28611944,Pandey2023
Lannea coromandelica,78.62663889,30.07372222,Sharma2018
Lannea coromandelica,78.33080556,30.06902778,Sharma2018
Lantana camara,79.34104361,29.29838667,Bargali2022
Lantana camara,79.70686778,29.42063222,Bargali2022
Lantana camara,79.60410972,29.37789444,Bargali2022
Lantana camara,79.34104361,29.29838667,Bargali2022
Lantana camara,79.57608333,29.37288889,KumarMukesh2021
Lantana camara,79.5945,29.38236111,KumarMukesh2021
Lantana camara,79.52277778,29.37319444,KumarMukesh2021
Lonicera obovata,77.45972222,31.75833333,Singh2021
Lyonia ovalifolia,76.051,32.54755,Barman2023
Lyonia ovalifolia,80.00148056,29.29613889,Joshi2023
Lyonia ovalifolia,77.4,31.75,Paul2019
Lyonia ovalifolia,77.38,31.75,Paul2019
Lyonia ovalifolia,76.35,32.7,Paul2019
Lyonia ovalifolia,77.33972222,31.88916667,Sharma2013
Lyonia ovalifolia,77.91633333,30.78122222,Shekhar2022
Lyonia ovalifolia,77.94200556,31.07233611,Shekhar2022
Lyonia ovalifolia,79.10280833,30.05176389,Shekhar2022
Lyonia ovalifolia,78.99333056,30.04969167,Shekhar2022
Lyonia ovalifolia,78.47297222,30.14236111,Tiwari2018
Lyonia ovalifolia,79.21583333,30.60022222,Tiwari2018
Lyonia ovalifolia,78.83991667,30.55441667,Tiwari2023
Lyonia ovalifolia,78.85105556,30.65377778,Tiwari2023
Lyonia ovalifolia,78.47297222,30.63744444,Tiwari2023
Lyonia ovalifolia,78.56013889,30.45463889,Tiwari2023
Lyonia ovalifolia,78.59205556,30.45675,Tiwari2023
Lyonia ovalifolia,78.51394444,30.21,Tiwari2023
Lyonia ovalifolia,78.47941667,30.63622222,Tiwari2023
Lyonia ovalifolia,78.78369444,30.488,Tiwari2023
Lyonia ovalifolia,78.56436111,30.17516667,Tiwari2023
Lyonia ovalifolia,78.66130556,30.17516667,Sharma2018
Mallotus philippensis,79.46125139,29.34672389,Bargali2022
Mallotus philippensis,79.40130278,29.46306972,Bargali2022
Mallotus philippensis,79.65217556,29.46564139,Bargali2022
Mallotus philippensis,79.65273389,29.39512417,Bargali2022
Mallotus philippensis,76.17195,32.22928333,Barman2023
Mallotus philippensis,76.17195,32.22928333,Barman2023
Mallotus philippensis,79.34796389,29.285375,Pandey2023
Mallotus philippensis,79.30148333,29.32324722,Pandey2023
Mallotus philippensis,79.54699722,29.28611944,Pandey2023
Mallotus philippensis,79.54558611,29.29842222,Pandey2023
Mallotus philippensis,78.62663889,30.07372222,Sharma2018
Mallotus philippensis,78.33080556,30.06902778,Sharma2018
Mallotus philippensis,78.71938889,29.93358333,Sharma2018
Meliosma dilleniaefolia,77.41541667,31.82105,Singh2021
Morus serrata,77.47,31.79,Paul2019
Morus serrata,77.37,31.76972222,Sharma2013
Murraya koenigii,79.34104361,29.29838667,Bargali2022
Murraya koenigii,79.70686778,29.42063222,Bargali2022
Murraya koenigii,79.60410972,29.37789444,Bargali2022
Murraya koenigii,79.34104361,29.29838667,Bargali2022
Murraya koenigii,79.34796389,29.285375,Pandey2023
Murraya koenigii,79.30148333,29.32324722,Pandey2023
Myrica esculenta,79.56893917,29.42036889,Bargali2022
Myrica esculenta,79.46125139,29.34672389,Bargali2022
Myrica esculenta,79.44346972,29.42892667,Bargali2022
Myrica esculenta,78.15411111,29.95457778,Bargali2022
Neolitsea cuipala,78.85105556,30.65377778,Tiwari2023
Neolitsea pallens,77.35777778,31.76333333,Sharma2013
Neolitsea pallens,77.34055556,31.88305556,Sharma2013
Neolitsea pallens,77.32416667,31.89222222,Sharma2013
Oxalis corniculata,79.46125139,29.34672389,Bargali2022
Oxalis corniculata,79.40130278,29.46306972,Bargali2022
Oxalis corniculata,79.65217556,29.46564139,Bargali2022
Oxalis corniculata,79.65273389,29.39512417,Bargali2022
Persea duthiei,76.06638333,32.53975,Barman2023
Persea duthiei,77.32666667,31.89555556,Sharma2013
Persea duthiei,77.32638889,31.87027778,Sharma2013
Philadelphus vestitus,77.3363,31.87393333,Singh2021
Picea smithiana,76.04736667,32.53568333,Barman2023
Picea smithiana,76.05268333,32.53796667,Barman2023
Picea smithiana,77.4,31.75,Paul2019
Picea smithiana,77.38,31.75,Paul2019
Picea smithiana,77.7,31.36,Paul2019
Picea smithiana,77.69,31.36,Paul2019
Picea smithiana,77.62,31.12,Paul2019
Picea smithiana,77.54,30.98,Paul2019
Picea smithiana,76.17,32.93,Paul2019
Picea smithiana,77.31333333,31.80027778,Sharma2013
Picea smithiana,77.41583333,31.97111111,Sharma2013
Picea smithiana,77.46277778,31.99583333,Sharma2013
Picea smithiana,77.45277778,31.98611111,Sharma2013
Picea smithiana,77.46194444,32,Sharma2013
Picea smithiana,77.45444444,31.99777778,Sharma2013
Picea smithiana,77.41833333,32,Sharma2013
Picea smithiana,77.39555556,32.00222222,Sharma2013
Picea smithiana,77.31527778,31.8875,Sharma2013
Picea smithiana,77.33111111,31.89111111,Sharma2013
Picea smithiana,77.275,32.07833333,Sharma2013
Picea smithiana,77.27277778,32.07472222,Sharma2013
Picea smithiana,77.27055556,32.07361111,Sharma2013
Picea smithiana,77.27277778,32.05222222,Sharma2013
Picea smithiana,77.27694444,32.06138889,Sharma2013
Picea smithiana,77.24888889,32.05444444,Sharma2013
Picea smithiana,77.27888889,32.08694444,Sharma2013
Picea smithiana,77.27388889,32.06861111,Sharma2013
Picea smithiana,77.86611944,30.74791111,Shekhar2022
Picea smithiana,79.10280833,30.05176389,Shekhar2022
Picea smithiana,78.21083056,30.75648333,Shekhar2022
Picea smithiana,77.45222222,31.76638889,Singh2021
Picea smithiana,77.41655,31.82373333,Singh2021
Picea smithiana,77.47943333,31.6824,Singh2021
Picea smithiana,78.77002778,30.57844444,Tiwari2018
Picea smithiana,78.683,30.90436111,Tiwari2023
Picea smithiana,78.7105,30.451,Tiwari2023
Picea smithiana,78.683,30.79452778,Sharma2018
Pinus roxburghii,77.11953333,30.90938333,Amare2016
Pinus roxburghii,77.12386667,30.86758333,Amare2016
Pinus roxburghii,77.17085,30.82308333,Amare2016
Pinus roxburghii,77.17635,30.80586667,Amare2016
Pinus roxburghii,79.46125139,29.34672389,Bargali2022
Pinus roxburghii,79.40130278,29.46306972,Bargali2022
Pinus roxburghii,79.65217556,29.46564139,Bargali2022
Pinus roxburghii,79.65273389,29.39512417,Bargali2022
Pinus roxburghii,79.56893917,29.42036889,Bargali2022
Pinus roxburghii,79.46125139,29.34672389,Bargali2022
Pinus roxburghii,79.44346972,29.42892667,Bargali2022
Pinus roxburghii,78.15411111,29.95457778,Bargali2022
Pinus roxburghii,79.65471611,29.23717944,Bargali2022
Pinus roxburghii,79.53938056,29.49164222,Bargali2022
Pinus roxburghii,79.65471611,29.23717944,Bargali2022
Pinus roxburghii,79.63745083,29.39074889,Bargali2022
Pinus roxburghii,76.0627,32.59623333,Barman2023
Pinus roxburghii,79.759524,29.6689181,Fule2021
Pinus roxburghii,79.8030836,29.641335,Fule2021
Pinus roxburghii,79.7777136,29.6626349,Fule2021
Pinus roxburghii,74.42,32.55,Ginwal2010
Pinus roxburghii,79.3,30.18,Ginwal2010
Pinus roxburghii,77.37,31.23,Ginwal2010
Pinus roxburghii,75.52,32.44,Ginwal2010
Pinus roxburghii,77.16,30.38,Ginwal2010
Pinus roxburghii,75.4,32.4,Ginwal2010
Pinus roxburghii,78.14,30.48,Ginwal2010
Pinus roxburghii,79.33,29.23,Ginwal2010
Pinus roxburghii,71.1,32.9,Ginwal2010
Pinus roxburghii,79.9,30.9,Ginwal2010
Pinus roxburghii,76.33,31.12,Ginwal2010
Pinus roxburghii,76.13,32.46,Ginwal2010
Pinus roxburghii,77.5,30.57,Ginwal2010
Pinus roxburghii,76.12,30.81,Ginwal2010
Pinus roxburghii,77.38,30.26,Ginwal2010
Pinus roxburghii,77.14,30.54,Ginwal2010
Pinus roxburghii,76.23,32.7,Ginwal2010
Pinus roxburghii,78.17,30.37,Ginwal2010
Pinus roxburghii,92.15,27.45,Ginwal2010
Pinus roxburghii,80.02,29.4,Ginwal2010
Pinus roxburghii,79.11,30.17,Ginwal2010
Pinus roxburghii,76.3,32.12,Ginwal2010
Pinus roxburghii,77.18,30.36,Ginwal2010
Pinus roxburghii,78.6,30.57,Ginwal2010
Pinus roxburghii,76.1,32.44,Ginwal2010
Pinus roxburghii,74.55,32.58,Ginwal2010
Pinus roxburghii,77.38,30.55,Ginwal2010
Pinus roxburghii,76.4,30.5,Ginwal2010
Pinus roxburghii,76.36,30.52,Ginwal2010
Pinus roxburghii,76.55,31.43,Ginwal2010
Pinus roxburghii,77.21,32.2,Ginwal2010
Pinus roxburghii,76.1,32.23,Ginwal2010
Pinus roxburghii,77.18,30.5,Ginwal2010
Pinus roxburghii,77.17,30.18,Ginwal2010
Pinus roxburghii,76.6,32.2,Ginwal2010
Pinus roxburghii,92.23,27.19,Ginwal2010
Pinus roxburghii,79.5,30.7,Ginwal2010
Pinus roxburghii,77.25,30.2,Ginwal2010
Pinus roxburghii,74.14,33.09,Ginwal2010
Pinus roxburghii,76.9,31.4,Ginwal2010
Pinus roxburghii,78.44,29.49,Ginwal2010
Pinus roxburghii,78.5,29.56,Ginwal2010
Pinus roxburghii,77.19,30.51,Ginwal2010
Pinus roxburghii,74.16,33.22,Ginwal2010
Pinus roxburghii,75.18,32.48,Ginwal2010
Pinus roxburghii,79.25,29.38,Ginwal2010
Pinus roxburghii,76.59,30.58,Ginwal2010
Pinus roxburghii,77.6,31.23,Ginwal2010
Pinus roxburghii,78.5,31.7,Ginwal2010
Pinus roxburghii,77.9,31.06,Ginwal2010
Pinus roxburghii,77.55,30.58,Ginwal2010
Pinus roxburghii,79.2,30.1,Ginwal2010
Pinus roxburghii,78.11,30.3,Ginwal2010
Pinus roxburghii,79.15,30.12,Ginwal2010
Pinus roxburghii,76.16,31.28,Ginwal2010
Pinus roxburghii,79.446,29.34866667,Joshi2022
Pinus roxburghii,80.014275,29.40806944,Joshi2023
Pinus roxburghii,79.57608333,29.37288889,KumarMukesh2021
Pinus roxburghii,79.5945,29.38236111,KumarMukesh2021
Pinus roxburghii,79.52277778,29.37319444,KumarMukesh2021
Pinus roxburghii,78.80058,30.21323,KumarMunesh2021
Pinus roxburghii,78.98467,30.27533,KumarMunesh2021
Pinus roxburghii,78.88427,30.22712,KumarMunesh2021
Pinus roxburghii,78.61769,30.34731,KumarMunesh2021
Pinus roxburghii,78.90219,30.37325,KumarMunesh2021
Pinus roxburghii,78.84783,30.27061,KumarMunesh2021
Pinus roxburghii,78.83975,30.27683,KumarMunesh2021
Pinus roxburghii,78.61433,30.36536,KumarMunesh2021
Pinus roxburghii,78.79059,30.06692,KumarMunesh2021
Pinus roxburghii,78.68656,29.84544,KumarMunesh2021
Pinus roxburghii,78.66936,29.88022,KumarMunesh2021
Pinus roxburghii,78.40672,30.31563,KumarMunesh2021
Pinus roxburghii,78.42981,30.36561,KumarMunesh2021
Pinus roxburghii,78.80058,30.21323,KumarMunesh2022
Pinus roxburghii,78.98467,30.27533,KumarMunesh2022
Pinus roxburghii,78.88427,30.22712,KumarMunesh2022
Pinus roxburghii,78.61769,30.34731,KumarMunesh2022
Pinus roxburghii,78.90219,30.37325,KumarMunesh2022
Pinus roxburghii,78.84783,30.27061,KumarMunesh2022
Pinus roxburghii,78.83975,30.27683,KumarMunesh2022
Pinus roxburghii,78.61433,30.36536,KumarMunesh2022
Pinus roxburghii,78.79059,30.06692,KumarMunesh2022
Pinus roxburghii,78.68656,29.84544,KumarMunesh2022
Pinus roxburghii,78.66936,29.88022,KumarMunesh2022
Pinus roxburghii,78.40672,30.31563,KumarMunesh2022
Pinus roxburghii,78.42981,30.36561,KumarMunesh2022
Pinus roxburghii,79.76333333,29.555,KumarShailendra2022
Pinus roxburghii,79.75333333,29.53527778,KumarShailendra2022
Pinus roxburghii,77.34916667,31.77527778,Sharma2013
Pinus roxburghii,77.37083333,31.8375,Sharma2013
Pinus roxburghii,77.30833333,31.76444444,Sharma2013
Pinus roxburghii,77.33055556,31.78333333,Sharma2013
Pinus roxburghii,77.1384,30.8682,Sharma2023
Pinus roxburghii,77.1496,30.9038,Sharma2023
Pinus roxburghii,76.5138,31.5773,Sharma2023
Pinus roxburghii,76.4652,31.7145,Sharma2023
Pinus roxburghii,76.3516,31.8627,Sharma2023
Pinus roxburghii,76.3437,31.8794,Sharma2023
Pinus roxburghii,79.21583333,30.60022222,Tiwari2018
Pinus roxburghii,78.77002778,30.57844444,Tiwari2018
Pinus roxburghii,78.51394444,30.21,Tiwari2023
Pinus roxburghii,78.49172222,30.45333333,Tiwari2023
Pinus roxburghii,78.516,30.21147222,Tiwari2023
Pinus roxburghii,78.71938889,29.93358333,Sharma2018
Pinus roxburghii,78.656,30.16411111,Sharma2018
Pinus roxburghii,78.66130556,30.17516667,Sharma2018
Pinus wallichiana,77.4,31.75,Paul2019
Pinus wallichiana,76.45,32.76,Paul2019
Pinus wallichiana,76.47,32.91,Paul2019
Pinus wallichiana,77.62,31.12,Paul2019
Pinus wallichiana,77.54,30.98,Paul2019
Pinus wallichiana,76.36,32.7,Paul2019
Pinus wallichiana,77.38222222,32.05444444,Rawat2010
Pinus wallichiana,77.38805556,31.77611111,Sharma2013
Pinus wallichiana,77.34972222,31.76,Sharma2013
Pinus wallichiana,77.35166667,31.76861111,Sharma2013
Pinus wallichiana,77.31583333,31.7675,Sharma2013
Pinus wallichiana,77.31805556,31.80138889,Sharma2013
Pinus wallichiana,77.31027778,31.80888889,Sharma2013
Pinus wallichiana,77.41583333,31.97111111,Sharma2013
Pinus wallichiana,77.45416667,32.00555556,Sharma2013
Pinus wallichiana,77.45361111,31.98888889,Sharma2013
Pinus wallichiana,77.26111111,32.05444444,Sharma2013
Pinus wallichiana,77.25944444,32.0475,Sharma2013
Pinus wallichiana,77.25833333,32.04888889,Sharma2013
Pinus wallichiana,77.26305556,32.05333333,Sharma2013
Pinus wallichiana,77.25611111,32.04333333,Sharma2013
Pinus wallichiana,79.49105556,30.73837222,Shekhar2022
Pinus wallichiana,80.65511944,29.97948056,Shekhar2022
Pinus wallichiana,77.45222222,31.76638889,Singh2021
Pinus wallichiana,77.41655,31.82373333,Singh2021
Pinus wallichiana,78.77002778,30.57844444,Tiwari2018
Pinus wallichiana,78.77380556,31.02672222,Tiwari2023
Pinus wallichiana,78.77002778,30.44841667,Tiwari2023
Pinus wallichiana,78.683,30.90436111,Tiwari2023
Pinus wallichiana,78.7105,30.451,Tiwari2023
Pinus wallichiana,78.683,30.79452778,Sharma2018
Pinus wallichiana,78.66155556,30.41291667,Sharma2018
Pittosporum eriocarpum,76.9658,31.0953,Paul2023
Pittosporum eriocarpum,76.9642,31.1276,Paul2023
Pittosporum eriocarpum,76.9546,31.1432,Paul2023
Pittosporum eriocarpum,76.93,31.1796,Paul2023
Pittosporum eriocarpum,76.9697,31.1594,Paul2023
Pittosporum eriocarpum,76.9727,31.1832,Paul2023
Pittosporum eriocarpum,77.077,31.1516,Paul2023
Pittosporum eriocarpum,77.233,31.1712,Paul2023
Pittosporum eriocarpum,77.1657,31.2087,Paul2023
Pittosporum eriocarpum,77.1424,31.2146,Paul2023
Pittosporum eriocarpum,77.0679,31.2114,Paul2023
Pittosporum eriocarpum,77.0542,31.1995,Paul2023
Pittosporum eriocarpum,76.9817,31.1939,Paul2023
Pittosporum eriocarpum,76.9474,31.2206,Paul2023
Pittosporum eriocarpum,76.9438,31.228,Paul2023
Pittosporum eriocarpum,76.9349,31.2448,Paul2023
Populus ciliata,77.37,31.75,Paul2019
Populus ciliata,77.47,31.79,Paul2019
Populus ciliata,77.35361111,31.77055556,Sharma2013
Populus ciliata,77.39055556,31.7725,Sharma2013
Populus ciliata,77.41583333,31.97111111,Sharma2013
Populus ciliata,77.44583333,31.99833333,Sharma2013
Prinsepia utilis,77.38777778,31.77361111,Sharma2013
Prinsepia utilis,77.38416667,31.78027778,Sharma2013
Prinsepia utilis,77.46388889,31.99527778,Sharma2013
Prunus cornuta,77.38,31.75,Paul2019
Prunus cornuta,77.4,31.82,Paul2019
Prunus cornuta,77.52,31.79,Paul2019
Prunus cornuta,76.45,32.76,Paul2019
Prunus cornuta,77.7,31.36,Paul2019
Prunus cornuta,77.62,31.12,Paul2019
Prunus cornuta,76.99,32.03,Paul2019
Prunus cornuta,77.44,32.02,Paul2019
Prunus cornuta,77.45222222,31.76638889,Singh2021
Prunus cornuta,77.42268333,31.86341667,Singh2021
Prunus cornuta,77.51083333,31.66333333,Singh2021
Prunus cornuta,77.5181,31.67293333,Singh2021
Prunus cornuta,77.57326667,31.70615,Singh2021
Prunus cornuta,77.56046667,31.70483333,Singh2021
Pyrus pashia,76.0627,32.59623333,Barman2023
Pyrus pashia,80.00148056,29.29613889,Joshi2023
Pyrus pashia,77.4,31.75,Paul2019
Pyrus pashia,77.36305556,31.76583333,Sharma2013
Pyrus pashia,77.34527778,31.77972222,Sharma2013
Pyrus pashia,77.44972222,31.99944444,Sharma2013
Pyrus pashia,78.656,30.16411111,Sharma2018
Quercus floribunda,76.15186667,32.89928333,Barman2023
Quercus floribunda,77.20123611,32.20725,KumarPawan2023
Quercus floribunda,76.15060833,32.90699444,KumarPawan2023
Quercus floribunda,77.97231111,31.23192222,KumarPawan2023
Quercus floribunda,79.55,29.4,Negi2021
Quercus floribunda,77.96,31.23,Paul2019
Quercus floribunda,77.54,30.98,Paul2019
Quercus floribunda,76.35,32.7,Paul2019
Quercus floribunda,77.32444444,32.17027778,Rawat2010
Quercus floribunda,77.30972222,32.24805556,Rawat2010
Quercus floribunda,77.47083333,31.9925,Sharma2013
Quercus floribunda,77.4125,32.00333333,Sharma2013
Quercus floribunda,77.34166667,31.8725,Sharma2013
Quercus floribunda,79.92506944,30.15909722,Shekhar2022
Quercus floribunda,80.35141667,30.08943056,Shekhar2022
Quercus floribunda,79.24163889,30.45319444,Shekhar2022
Quercus floribunda,79.56494444,30.52397222,Shekhar2022
Quercus floribunda,79.728,30.14288889,Shekhar2022
Quercus floribunda,77.83272222,30.75844444,Shekhar2022
Quercus floribunda,77.75567222,30.94284722,Shekhar2022
Quercus floribunda,77.86611944,30.74791111,Shekhar2022
Quercus floribunda,79.43557778,29.4063,Shekhar2022
Quercus floribunda,78.99333056,30.04969167,Shekhar2022
Quercus floribunda,80.21253889,30.06418889,Shekhar2022
Quercus floribunda,79.20197778,30.486475,Shekhar2022
Quercus floribunda,78.141525,30.58561111,Shekhar2022
Quercus floribunda,78.21083056,30.75648333,Shekhar2022
Quercus floribunda,78.50488889,30.66483333,Shekhar2022
Quercus floribunda,78.20322222,30.45647222,Singh2016
Quercus floribunda,78.25966667,30.41247222,Singh2016
Quercus floribunda,78.21891667,30.43661111,Singh2016
Quercus floribunda,78.48497222,30.64275,Singh2016
Quercus floribunda,78.21891667,30.44063889,Tiwari2018
Quercus floribunda,78.47297222,30.14236111,Tiwari2018
Quercus floribunda,78.27475,30.40961111,Tiwari2023
Quercus floribunda,78.29588889,30.41322222,Tiwari2023
Quercus floribunda,78.27902778,30.40016667,Tiwari2023
Quercus floribunda,78.49916667,30.41522222,Tiwari2023
Quercus floribunda,78.47297222,30.63744444,Tiwari2023
Quercus floribunda,78.668,30.40813889,Sharma2018
Quercus floribunda,78.66155556,30.41291667,Sharma2018
Quercus glauca,78.11953333,31.90938333,Amare2016
Quercus glauca,78.12386667,31.86758333,Amare2016
Quercus glauca,77.15896667,30.82945,Amare2016
Quercus glauca,78.17085,31.82308333,Amare2016
Quercus glauca,78.17635,31.80586667,Amare2016
Quercus glauca,76.15186667,32.89928333,Barman2023
Quercus glauca,77.7,31.36,Paul2019
Quercus glauca,77.69,31.36,Paul2019
Quercus lanata,77.36055556,31.17666667,Barman2022
Quercus lanata,77.19916667,31.235,Barman2022
Quercus lanata,77.23222222,31.18638889,Barman2022
Quercus lanata,77.19,31.2,Barman2022
Quercus lanata,77.32444444,31.09138889,Barman2022
Quercus lanata,77.13888889,31.14138889,Barman2022
Quercus lanata,77.14555556,31.04555556,Barman2022
Quercus lanata,77.13583333,31.21305556,Barman2022
Quercus lanata,77.32305556,31.11111111,Barman2022
Quercus lanata,77.26166667,31.21583333,Barman2022
Quercus lanata,77.19444444,31.34111111,Barman2022
Quercus lanata,77.34777778,31.22916667,Barman2022
Quercus lanata,77.24833333,31.215,Barman2022
Quercus lanata,77.20694444,31.18916667,Barman2022
Quercus lanata,77.12408333,31.21855556,Barman2022
Quercus lanata,77.05855556,31.16430556,Barman2022
Quercus lanata,77.03727778,31.16383333,Barman2022
Quercus lanata,77.07283333,31.16091667,Barman2022
Quercus lanata,77.13730556,31.12163889,Barman2022
Quercus lanata,77.13886111,31.11963889,Barman2022
Quercus lanata,76.177575,31.14283611,Barman2022
Quercus lanata,77.40888333,31.77666667,Barman2022
Quercus lanata,77.35971667,31.7686,Barman2022
Quercus lanata,77.3675,31.75833333,Barman2022
Quercus lanata,77.3055,31.78483333,Barman2022
Quercus lanata,77.46276667,31.78553333,Barman2022
Quercus lanata,77.41698333,31.77566667,Barman2022
Quercus lanata,77.40908333,31.769,Barman2022
Quercus lanata,77.33701667,31.80951667,Barman2022
Quercus lanata,77.31988333,31.78985,Barman2022
Quercus lanata,77.39008333,31.77216667,Barman2022
Quercus lanata,77.32235,31.88938333,Barman2022
Quercus lanata,77.22747222,32.22333333,Barman2022
Quercus lanata,77.19086111,32.15447222,Barman2022
Quercus lanata,77.10369444,32.10252778,Barman2022
Quercus lanata,77.08458333,32.09533333,Barman2022
Quercus lanata,77.16727778,32.11838889,Barman2022
Quercus lanata,77.17927778,32.09866667,Barman2022
Quercus lanata,76.80861111,32.08,Barman2022
Quercus lanata,76.86083333,32.08055556,Barman2022
Quercus lanata,76.86083333,32.03194444,Barman2022
Quercus lanata,76.72480556,31.05313889,Barman2022
Quercus lanata,76.90916667,32.18861111,Barman2022
Quercus lanata,77.08527778,31.96361111,Barman2022
Quercus lanata,77.03638889,31.9575,Barman2022
Quercus lanata,76.89694444,32.20361111,Barman2022
Quercus lanata,77.16333333,31.6,Barman2022
Quercus lanata,77.14888889,31.59694444,Barman2022
Quercus lanata,77.12416667,31.66472222,Barman2022
Quercus lanata,77.14888889,31.69083333,Barman2022
Quercus lanata,76.81497222,31.96425,Barman2022
Quercus lanata,77.08361111,31.76333333,Barman2022
Quercus lanata,76.84361111,31.74388889,Barman2022
Quercus lanata,76.93272222,31.51405556,Barman2022
Quercus lanata,76.83394444,32.04033333,Barman2022
Quercus lanata,76.75013889,32.07119444,Barman2022
Quercus lanata,77.20280556,31.31763889,Barman2022
Quercus lanata,77.12527778,31.08944444,Barman2022
Quercus lanata,77.25861111,31.04694444,Barman2022
Quercus lanata,77.18777778,30.95638889,Barman2022
Quercus lanata,77.24222222,31.09555556,Barman2022
Quercus lanata,77.13083333,31.05305556,Barman2022
Quercus lanata,77.21944444,31.05888889,Barman2022
Quercus lanata,77.27083333,30.95944444,Barman2022
Quercus lanata,77.19852778,30.96561111,Barman2022
Quercus lanata,77.20480556,30.98680556,Barman2022
Quercus lanata,77.20352778,30.93680556,Barman2022
Quercus lanata,76.37861111,30.35916667,Barman2022
Quercus lanata,76.43666667,32.38444444,Barman2022
Quercus lanata,76.46861111,32.3825,Barman2022
Quercus lanata,76.41722222,32.38027778,Barman2022
Quercus lanata,76.39111111,32.33166667,Barman2022
Quercus lanata,76.35638889,32.37055556,Barman2022
Quercus lanata,76.50972222,32.33916667,Barman2022
Quercus lanata,76.31758333,32.24994444,Barman2022
Quercus lanata,76.15186667,32.89261667,Barman2022
Quercus lanata,76.0627,32.59623333,Barman2022
Quercus lanata,75.94546667,32.54456667,Barman2022
Quercus lanata,75.95811667,32.54073333,Barman2022
Quercus lanata,76.04736667,32.53568333,Barman2022
Quercus lanata,76.06665,32.53973333,Barman2022
Quercus lanata,76.0672,32.518,Barman2022
Quercus lanata,76.04516667,32.47578333,Barman2022
Quercus lanata,76.17195,32.22928333,Barman2022
Quercus lanata,76.06638333,32.53975,Barman2022
Quercus lanata,76.05268333,32.53796667,Barman2022
Quercus lanata,76.051,32.54755,Barman2022
Quercus lanata,76.03953333,32.5453,Barman2022
Quercus lanata,76.05201667,32.54575,Barman2022
Quercus lanata,77.30155556,30.84891667,Barman2022
Quercus lanata,77.39830556,30.80288889,Barman2022
Quercus lanata,77.40019444,30.824,Barman2022
Quercus lanata,77.52355556,30.76911111,Barman2022
Quercus lanata,77.54913889,30.77880556,Barman2022
Quercus lanata,77.57147222,30.75983333,Barman2022
Quercus lanata,77.11430556,30.81013889,Barman2022
Quercus lanata,77.43213889,30.70136111,Barman2022
Quercus lanata,77.41980556,30.70705556,Barman2022
Quercus lanata,77.59566667,30.71711111,Barman2022
Quercus lanata,76.97361111,31.95666667,Barman2022
Quercus lanata,76.78611111,31.97444444,Barman2022
Quercus lanata,76.15186667,32.89928333,Barman2023
Quercus lanata,76.0627,32.59623333,Barman2023
Quercus lanata,75.94546667,32.54456667,Barman2023
Quercus lanata,75.95811667,32.54073333,Barman2023
Quercus lanata,76.04736667,32.53568333,Barman2023
Quercus lanata,76.06665,32.53973333,Barman2023
Quercus lanata,76.0672,32.518,Barman2023
Quercus lanata,76.04516667,32.47578333,Barman2023
Quercus lanata,76.17195,32.22928333,Barman2023
Quercus lanata,76.06638333,32.53975,Barman2023
Quercus lanata,76.05268333,32.53796667,Barman2023
Quercus lanata,76.051,32.54755,Barman2023
Quercus lanata,76.03953333,32.5453,Barman2023
Quercus lanata,76.05201667,32.54575,Barman2023
Quercus lanata,79.436,29.42383333,Joshi2022
Quercus lanata,79.533,29.4,Negi2021
Quercus lanata,79.43557778,29.4063,Shekhar2022
Quercus lanata,80.65511944,29.97948056,Shekhar2022
Quercus leucotrichophora,79.11953333,32.90938333,Amare2016
Quercus leucotrichophora,79.17085,32.82308333,Amare2016
Quercus leucotrichophora,79.17635,32.80586667,Amare2016
Quercus leucotrichophora,79.47633333,29.37333333,Joshi2022
Quercus leucotrichophora,80.00148056,29.29613889,Joshi2023
Quercus leucotrichophora,79.76388889,29.54694444,KumarShailendra2022
Quercus leucotrichophora,79.75333333,29.53527778,KumarShailendra2022
Quercus leucotrichophora,79.533,29.4,Negi2021
Quercus leucotrichophora,77.38222222,32.05444444,Rawat2010
Quercus leucotrichophora,77.32444444,32.17027778,Rawat2010
Quercus leucotrichophora,77.33944444,31.81583333,Sharma2013
Quercus leucotrichophora,77.32194444,31.79416667,Sharma2013
Quercus leucotrichophora,77.39444444,31.77583333,Sharma2013
Quercus leucotrichophora,77.32611111,31.89333333,Sharma2013
Quercus leucotrichophora,79.728,30.14288889,Shekhar2022
Quercus leucotrichophora,78.94639444,30.49469444,Shekhar2022
Quercus leucotrichophora,78.88613889,30.17533333,Singh2016
Quercus leucotrichophora,78.827,30.1255,Singh2016
Quercus leucotrichophora,78.82563889,30.13988889,Singh2016
Quercus leucotrichophora,78.47297222,30.14236111,Tiwari2018
Quercus leucotrichophora,78.47297222,30.63744444,Tiwari2023
Quercus leucotrichophora,78.56013889,30.45463889,Tiwari2023
Quercus leucotrichophora,78.59205556,30.45675,Tiwari2023
Quercus leucotrichophora,78.47941667,30.63622222,Tiwari2023
Quercus leucotrichophora,78.78369444,30.488,Tiwari2023
Quercus leucotrichophora,78.49172222,30.45333333,Tiwari2023
Quercus leucotrichophora,78.56436111,30.17516667,Tiwari2023
Quercus leucotrichophora,78.656,30.16411111,Sharma2018
Quercus leucotrichophora,78.66130556,30.17516667,Sharma2018
Quercus leucotrichophora,78.683,30.79452778,Sharma2018
Quercus leucotrichophora,79.38333333,29.33333333,Dhyani2020
Quercus leucotrichophora,79.7,29.5,Dhyani2020
Quercus leucotrichophora,79.68333333,29.53333333,Dhyani2020
Quercus leucotrichophora,77.56666667,28.71666667,Dhyani2020
Quercus leucotrichophora,81.03333333,31.45,Dhyani2020
Quercus leucotrichophora,79.25388889,30.45944444,Dhyani2020
Quercus leucotrichophora,79.65,29.48333333,Dhyani2020
Quercus leucotrichophora,79.41666667,29.48333333,Dhyani2020
Quercus leucotrichophora,80.98333333,29.96666667,Dhyani2020
Quercus leucotrichophora,78.83333333,30.66666667,Dhyani2020
Quercus leucotrichophora,78.91666667,30.75,Dhyani2020
Quercus leucotrichophora,79.26277778,30.475,Dhyani2020
Quercus leucotrichophora,79.25583333,30.46666667,Dhyani2020
Quercus leucotrichophora,78.02083333,30.45805556,Dhyani2020
Quercus leucotrichophora,79.05008333,29.42341667,Dhyani2020
Quercus leucotrichophora,79.40883333,29.46261111,Dhyani2020
Quercus leucotrichophora,79.31613889,29.65,Dhyani2020
Quercus leucotrichophora,79.56405556,29.4045,Dhyani2020
Quercus leucotrichophora,79.64113889,29.47613889,Dhyani2020
Quercus leucotrichophora,79.61666667,29.36711111,Dhyani2020
Quercus leucotrichophora,79.75,29.70088889,Dhyani2020
Quercus leucotrichophora,79.45,29.80541667,Dhyani2020
Quercus leucotrichophora,79.75,29.70088889,Dhyani2020
Quercus leucotrichophora,79.84791667,29.65088889,Dhyani2020
Quercus leucotrichophora,81.03333333,31.45,Dhyani2020
Quercus leucotrichophora,79.55,29.58333333,Dhyani2020
Quercus leucotrichophora,79.54277778,29.35472222,Dhyani2020
Quercus leucotrichophora,80.09183333,29.71305556,Dhyani2020
Quercus leucotrichophora,80.33333333,29.9,Dhyani2020
Quercus leucotrichophora,80.36666667,29.88333333,Dhyani2020
Quercus leucotrichophora,80.5,29.93833333,Dhyani2020
Quercus leucotrichophora,79.26666667,29.83333333,Dhyani2020
Quercus leucotrichophora,79.26666667,30.33333333,Dhyani2020
Quercus leucotrichophora,79.72,29.572,Dhyani2020
Quercus leucotrichophora,79.92397222,30.22208333,Dhyani2020
Quercus leucotrichophora,79.91041667,30.12361111,Dhyani2020
Quercus leucotrichophora,79.90513889,30.22508333,Dhyani2020
Quercus leucotrichophora,79.99166667,30.18647222,Dhyani2020
Quercus leucotrichophora,80.23802778,29.86111111,Dhyani2020
Quercus leucotrichophora,80.57083333,30.07116667,Dhyani2020
Quercus leucotrichophora,80.24480556,30.08422222,Dhyani2020
Quercus leucotrichophora,80.20522222,29.27116667,Dhyani2020
Quercus leucotrichophora,79.29583333,30.35644444,Dhyani2020
Quercus leucotrichophora,79.53527778,29.3525,Dhyani2020
Quercus leucotrichophora,79.54416667,29.41277778,Dhyani2020
Quercus leucotrichophora,79.29561111,30.37988889,Dhyani2020
Quercus leucotrichophora,79.45361111,29.84,Dhyani2020
Quercus leucotrichophora,78.28625,30.13077778,Dhyani2020
Quercus leucotrichophora,79.69066667,29.54966667,Dhyani2020
Quercus leucotrichophora,79.23494444,30.08563889,Dhyani2020
Quercus leucotrichophora,79.08947778,30.50080833,Dhyani2020
Quercus leucotrichophora,79.09048056,30.50008333,Dhyani2020
Quercus leucotrichophora,79.03646944,30.58093333,Dhyani2020
Quercus leucotrichophora,79.03027778,30.5825,Dhyani2020
Quercus leucotrichophora,79.24177778,30.10633333,Dhyani2020
Quercus leucotrichophora,78.24733333,30.24319444,Dhyani2020
Quercus leucotrichophora,78.60511111,30.31613889,Dhyani2020
Quercus leucotrichophora,79.01094444,30.10102778,Dhyani2020
Quercus leucotrichophora,78.48311111,30.64186111,Dhyani2020
Quercus leucotrichophora,78.69133333,30.38411111,Dhyani2020
Quercus leucotrichophora,78.24177778,30.09163889,Dhyani2020
Quercus leucotrichophora,78.82088889,30.53405556,Dhyani2020
Quercus leucotrichophora,79.0765,30.51522222,Dhyani2020
Quercus leucotrichophora,79.54558333,30.54602778,Dhyani2020
Quercus leucotrichophora,78.8465,30.13816667,Dhyani2020
Quercus leucotrichophora,78.64788889,30.35433333,Dhyani2020
Quercus leucotrichophora,78.68563889,29.84855556,Dhyani2020
Quercus leucotrichophora,79.12555556,30.4865,Dhyani2020
Quercus leucotrichophora,78.08983333,30.42344444,Dhyani2020
Quercus leucotrichophora,78.86613889,29.96313889,Dhyani2020
Quercus leucotrichophora,79.18552778,30.19302778,Dhyani2020
Quercus leucotrichophora,79.42830556,30.39930556,Dhyani2020
Quercus leucotrichophora,78.25497222,30.77147222,Dhyani2020
Quercus leucotrichophora,79.07569444,30.07847222,Dhyani2020
Quercus leucotrichophora,79.47219444,29.39916667,Dhyani2020
Quercus leucotrichophora,78.61111111,30.2975,Dhyani2020
Quercus leucotrichophora,78.79625,30.11941667,Dhyani2020
Quercus leucotrichophora,79.41194444,30.04527778,Dhyani2020
Quercus leucotrichophora,78.78244444,30.27372222,Dhyani2020
Quercus leucotrichophora,78.44975,30.57791667,Dhyani2020
Quercus leucotrichophora,79.54285278,29.35472222,Dhyani2020
Quercus leucotrichophora,78.88613889,30.17533333,Dhyani2020
Quercus leucotrichophora,78.77766667,31.31066667,Dhyani2020
Quercus leucotrichophora,78.827,30.1255,Dhyani2020
Quercus leucotrichophora,78.82563889,30.13988889,Dhyani2020
Quercus leucotrichophora,79.03669444,30.24758333,Dhyani2020
Quercus leucotrichophora,78.78902778,29.83786111,Dhyani2020
Quercus leucotrichophora,79.04608333,30.57161111,Dhyani2020
Quercus leucotrichophora,78.32833333,30.21777778,Dhyani2020
Quercus leucotrichophora,78.08472222,30.39027778,Dhyani2020
Quercus leucotrichophora,79.05411111,30.29983333,Dhyani2020
Quercus leucotrichophora,78.79930556,29.84405556,Dhyani2020
Quercus leucotrichophora,79.04694444,30.57591667,Dhyani2020
Quercus leucotrichophora,78.38805556,30.26333333,Dhyani2020
Quercus leucotrichophora,78.11888889,30.46388889,Dhyani2020
Quercus leucotrichophora,78.43658333,30.57463889,Dhyani2020
Quercus leucotrichophora,78.61916667,30.30111111,Dhyani2020
Quercus leucotrichophora,79.16666667,30.21666667,Dhyani2020
Quercus leucotrichophora,78.79513889,30.12008333,Dhyani2020
Quercus leucotrichophora,79.44611111,30.0575,Dhyani2020
Quercus leucotrichophora,79.86666667,29.5,Dhyani2020
Quercus leucotrichophora,79.46666667,29.38333333,Dhyani2020
Quercus leucotrichophora,80.03138889,30.4625,Dhyani2020
Quercus leucotrichophora,79.72,29.572,Dhyani2020
Quercus leucotrichophora,79.24722222,30.09552778,Dhyani2020
Quercus leucotrichophora,79.28011111,30.13808333,Dhyani2020
Quercus leucotrichophora,78.51926667,30.65208333,Dhyani2020
Quercus leucotrichophora,79.16206667,30.01655,Dhyani2020
Quercus leucotrichophora,79.20066667,30.06273333,Dhyani2020
Quercus leucotrichophora,79.71722222,29.572,Dhyani2020
Quercus leucotrichophora,79.69555556,29.54966667,Dhyani2020
Quercus leucotrichophora,79.43333333,29.36666667,Dhyani2020
Quercus leucotrichophora,79.55933333,29.56666667,Dhyani2020
Quercus leucotrichophora,78.3,29.78333333,Dhyani2020
Quercus leucotrichophora,79.81666667,29.4,Dhyani2020
Quercus leucotrichophora,79.68333333,29.5,Dhyani2020
Quercus leucotrichophora,80.08733333,29.65391667,Dhyani2020
Quercus leucotrichophora,80.05683333,29.63001667,Dhyani2020
Quercus leucotrichophora,80.20976667,29.62935,Dhyani2020
Quercus semecarpifolia,79.24163889,30.45319444,Ginwal2023
Quercus semecarpifolia,79.19786111,30.48108333,Ginwal2023
Quercus semecarpifolia,77.86619444,30.74788889,Ginwal2023
Quercus semecarpifolia,77.90866667,30.76983333,Ginwal2023
Quercus semecarpifolia,77.83272222,30.75844444,Ginwal2023
Quercus semecarpifolia,79.31113889,30.49277778,Ginwal2023
Quercus semecarpifolia,79.56494444,30.52397222,Ginwal2023
Quercus semecarpifolia,78.46011111,30.99516667,Ginwal2023
Quercus semecarpifolia,78.209,30.75561111,Ginwal2023
Quercus semecarpifolia,78.50488889,30.64816667,Ginwal2023
Quercus semecarpifolia,78.66033333,30.84122222,Ginwal2023
Quercus semecarpifolia,79.10156944,30.05197778,Ginwal2023
Quercus semecarpifolia,79.43474444,29.40705,Ginwal2023
Quercus semecarpifolia,78.95111389,30.49696667,Ginwal2023
Quercus semecarpifolia,80.21029444,30.06390833,Ginwal2023
Quercus semecarpifolia,78.99509167,30.03836667,Ginwal2023
Quercus semecarpifolia,79.72181667,30.14087222,Ginwal2023
Quercus semecarpifolia,77.13133333,31.55916667,Ginwal2023
Quercus semecarpifolia,77.164,31.08333333,Ginwal2023
Quercus semecarpifolia,78.141525,30.58561111,Ginwal2023
Quercus semecarpifolia,79.12408333,30.58561111,Ginwal2023
Quercus semecarpifolia,79.33175278,29.49936389,Ginwal2023
Quercus semecarpifolia,80.65511111,29.97872222,Ginwal2023
Quercus semecarpifolia,80.64758333,30.03158333,Ginwal2023
Quercus semecarpifolia,84.433,29.4,Negi2021
Quercus semecarpifolia,77.29333333,32.0975,Sharma2013
Quercus semecarpifolia,77.23972222,32.05,Sharma2013
Quercus semecarpifolia,77.24083333,32.05222222,Sharma2013
Quercus semecarpifolia,77.27805556,32.085,Sharma2013
Quercus semecarpifolia,79.92506944,30.15909722,Shekhar2022
Quercus semecarpifolia,79.92506944,30.15909722,Shekhar2022
Quercus semecarpifolia,80.35141667,30.08943056,Shekhar2022
Quercus semecarpifolia,80.35141667,30.08943056,Shekhar2022
Quercus semecarpifolia,80.35141667,30.08943056,Shekhar2022
Quercus semecarpifolia,80.35141667,30.08943056,Shekhar2022
Quercus semecarpifolia,79.24163889,30.45319444,Shekhar2022
Quercus semecarpifolia,79.24163889,30.45319444,Shekhar2022
Quercus semecarpifolia,79.24163889,30.45319444,Shekhar2022
Quercus semecarpifolia,79.24163889,30.45319444,Shekhar2022
Quercus semecarpifolia,79.24163889,30.45319444,Shekhar2022
Quercus semecarpifolia,79.24163889,30.45319444,Shekhar2022
Quercus semecarpifolia,79.56494444,30.52397222,Shekhar2022
Quercus semecarpifolia,79.56494444,30.52397222,Shekhar2022
Quercus semecarpifolia,79.56494444,30.52397222,Shekhar2022
Quercus semecarpifolia,79.56494444,30.52397222,Shekhar2022
Quercus semecarpifolia,79.56494444,30.52397222,Shekhar2022
Quercus semecarpifolia,79.49105556,30.73837222,Shekhar2022
Quercus semecarpifolia,79.49105556,30.73837222,Shekhar2022
Quercus semecarpifolia,79.728,30.14288889,Shekhar2022
Quercus semecarpifolia,79.728,30.14288889,Shekhar2022
Quercus semecarpifolia,79.728,30.14288889,Shekhar2022
Quercus semecarpifolia,79.728,30.14288889,Shekhar2022
Quercus semecarpifolia,79.728,30.14288889,Shekhar2022
Quercus semecarpifolia,79.30883333,30.4865,Shekhar2022
Quercus semecarpifolia,79.30883333,30.4865,Shekhar2022
Quercus semecarpifolia,77.91633333,30.78122222,Shekhar2022
Quercus semecarpifolia,77.91633333,30.78122222,Shekhar2022
Quercus semecarpifolia,77.91633333,30.78122222,Shekhar2022
Quercus semecarpifolia,77.83272222,30.75844444,Shekhar2022
Quercus semecarpifolia,77.83272222,30.75844444,Shekhar2022
Quercus semecarpifolia,77.83272222,30.75844444,Shekhar2022
Quercus semecarpifolia,77.75567222,30.94284722,Shekhar2022
Quercus semecarpifolia,77.75567222,30.94284722,Shekhar2022
Quercus semecarpifolia,77.94200556,31.07233611,Shekhar2022
Quercus semecarpifolia,77.94200556,31.07233611,Shekhar2022
Quercus semecarpifolia,77.94200556,31.07233611,Shekhar2022
Quercus semecarpifolia,77.86611944,30.74791111,Shekhar2022
Quercus semecarpifolia,77.86611944,30.74791111,Shekhar2022
Quercus semecarpifolia,77.86611944,30.74791111,Shekhar2022
Quercus semecarpifolia,77.86611944,30.74791111,Shekhar2022
Quercus semecarpifolia,77.86611944,30.74791111,Shekhar2022
Quercus semecarpifolia,79.43557778,29.4063,Shekhar2022
Quercus semecarpifolia,79.43557778,29.4063,Shekhar2022
Quercus semecarpifolia,79.43557778,29.4063,Shekhar2022
Quercus semecarpifolia,79.43557778,29.4063,Shekhar2022
Quercus semecarpifolia,79.43557778,29.4063,Shekhar2022
Quercus semecarpifolia,79.32799444,29.50275556,Shekhar2022
Quercus semecarpifolia,79.32799444,29.50275556,Shekhar2022
Quercus semecarpifolia,79.10280833,30.05176389,Shekhar2022
Quercus semecarpifolia,79.10280833,30.05176389,Shekhar2022
Quercus semecarpifolia,79.10280833,30.05176389,Shekhar2022
Quercus semecarpifolia,79.10280833,30.05176389,Shekhar2022
Quercus semecarpifolia,78.99333056,30.04969167,Shekhar2022
Quercus semecarpifolia,78.99333056,30.04969167,Shekhar2022
Quercus semecarpifolia,78.99333056,30.04969167,Shekhar2022
Quercus semecarpifolia,80.21253889,30.06418889,Shekhar2022
Quercus semecarpifolia,80.21253889,30.06418889,Shekhar2022
Quercus semecarpifolia,80.21253889,30.06418889,Shekhar2022
Quercus semecarpifolia,80.21253889,30.06418889,Shekhar2022
Quercus semecarpifolia,80.21253889,30.06418889,Shekhar2022
Quercus semecarpifolia,80.21253889,30.06418889,Shekhar2022
Quercus semecarpifolia,80.21253889,30.06418889,Shekhar2022
Quercus semecarpifolia,80.65511944,29.97948056,Shekhar2022
Quercus semecarpifolia,80.65511944,29.97948056,Shekhar2022
Quercus semecarpifolia,80.65511944,29.97948056,Shekhar2022
Quercus semecarpifolia,80.65511944,29.97948056,Shekhar2022
Quercus semecarpifolia,80.65511944,29.97948056,Shekhar2022
Quercus semecarpifolia,80.648575,30.029925,Shekhar2022
Quercus semecarpifolia,80.648575,30.029925,Shekhar2022
Quercus semecarpifolia,80.648575,30.029925,Shekhar2022
Quercus semecarpifolia,80.648575,30.029925,Shekhar2022
Quercus semecarpifolia,80.648575,30.029925,Shekhar2022
Quercus semecarpifolia,78.94639444,30.49469444,Shekhar2022
Quercus semecarpifolia,78.94639444,30.49469444,Shekhar2022
Quercus semecarpifolia,78.94639444,30.49469444,Shekhar2022
Quercus semecarpifolia,79.20197778,30.486475,Shekhar2022
Quercus semecarpifolia,79.20197778,30.486475,Shekhar2022
Quercus semecarpifolia,79.20197778,30.486475,Shekhar2022
Quercus semecarpifolia,79.20197778,30.486475,Shekhar2022
Quercus semecarpifolia,79.20197778,30.486475,Shekhar2022
Quercus semecarpifolia,78.93444444,30.63472222,Shekhar2022
Quercus semecarpifolia,78.93444444,30.63472222,Shekhar2022
Quercus semecarpifolia,78.141525,30.58561111,Shekhar2022
Quercus semecarpifolia,78.141525,30.58561111,Shekhar2022
Quercus semecarpifolia,78.141525,30.58561111,Shekhar2022
Quercus semecarpifolia,78.67266667,30.68152778,Shekhar2022
Quercus semecarpifolia,78.67266667,30.68152778,Shekhar2022
Quercus semecarpifolia,78.83944444,30.67439167,Shekhar2022
Quercus semecarpifolia,78.83944444,30.67439167,Shekhar2022
Quercus semecarpifolia,78.83944444,30.67439167,Shekhar2022
Quercus semecarpifolia,78.21083056,30.75648333,Shekhar2022
Quercus semecarpifolia,78.21083056,30.75648333,Shekhar2022
Quercus semecarpifolia,78.21083056,30.75648333,Shekhar2022
Quercus semecarpifolia,78.21083056,30.75648333,Shekhar2022
Quercus semecarpifolia,78.21083056,30.75648333,Shekhar2022
Quercus semecarpifolia,78.50488889,30.66483333,Shekhar2022
Quercus semecarpifolia,78.50488889,30.66483333,Shekhar2022
Quercus semecarpifolia,78.50488889,30.66483333,Shekhar2022
Quercus semecarpifolia,78.46011111,30.99516667,Shekhar2022
Quercus semecarpifolia,78.46011111,30.99516667,Shekhar2022
Quercus semecarpifolia,78.46011111,30.99516667,Shekhar2022
Quercus semecarpifolia,78.46011111,30.99516667,Shekhar2022
Quercus semecarpifolia,78.66033333,30.84122222,Shekhar2022
Quercus semecarpifolia,78.66033333,30.84122222,Shekhar2022
Quercus semecarpifolia,77.4675,31.75416667,Singh2021
Quercus semecarpifolia,77.46638889,31.74472222,Singh2021
Quercus semecarpifolia,77.45222222,31.76638889,Singh2021
Quercus semecarpifolia,77.67778333,31.80808333,Singh2021
Quercus semecarpifolia,77.43493333,31.87336667,Singh2021
Quercus semecarpifolia,77.42248333,31.8583,Singh2021
Quercus semecarpifolia,77.39826667,31.68635,Singh2021
Quercus semecarpifolia,77.51083333,31.66333333,Singh2021
Quercus semecarpifolia,77.51305,31.66051667,Singh2021
Quercus semecarpifolia,77.51578333,31.6654,Singh2021
Quercus semecarpifolia,77.5181,31.67293333,Singh2021
Quercus semecarpifolia,77.51486667,31.66053333,Singh2021
Quercus semecarpifolia,77.51141667,31.66065,Singh2021
Quercus semecarpifolia,77.5235,31.67381833,Singh2021
Quercus semecarpifolia,77.51706667,31.669,Singh2021
Quercus semecarpifolia,77.51153333,31.80753333,Singh2021
Quercus semecarpifolia,77.42268333,31.86341667,Singh2021
Quercus semecarpifolia,77.48965,31.69165,Singh2021
Quercus semecarpifolia,77.48826667,31.69043333,Singh2021
Quercus semecarpifolia,77.56046667,31.70483333,Singh2021
Quercus semecarpifolia,77.5167,31.65976667,Singh2021
Quercus semecarpifolia,77.569,31.70505,Singh2021
Quercus semecarpifolia,77.5483,31.67653333,Singh2021
Quercus semecarpifolia,77.49068333,31.69431667,Singh2021
Quercus semecarpifolia,77.49476667,31.71303333,Singh2021
Quercus semecarpifolia,77.45972222,31.75833333,Singh2021
Quercus semecarpifolia,77.41541667,31.82105,Singh2021
Quercus semecarpifolia,77.3363,31.87393333,Singh2021
Quercus semecarpifolia,77.41655,31.82373333,Singh2021
Quercus semecarpifolia,77.47943333,31.6824,Singh2021
Quercus semecarpifolia,77.57326667,31.70615,Singh2021
Quercus semecarpifolia,77.49321667,31.71743333,Singh2021
Quercus semecarpifolia,77.49063333,31.6974,Singh2021
Quercus semecarpifolia,77.48986667,31.69746667,Singh2021
Quercus semecarpifolia,77.42031667,31.83115,Singh2021
Quercus semecarpifolia,77.41963333,31.82696667,Singh2021
Quercus semecarpifolia,77.5252,31.67358333,Singh2021
Quercus semecarpifolia,78.55905556,30.8265,Tiwari2018
Quercus semecarpifolia,79.21583333,30.60022222,Tiwari2018
Quercus semecarpifolia,78.51466667,30.91752778,Tiwari2018
Quercus semecarpifolia,78.51466667,30.91752778,Tiwari2018
Quercus semecarpifolia,78.56522222,30.65358333,Tiwari2023
Quercus semecarpifolia,78.83991667,30.55441667,Tiwari2023
Quercus semecarpifolia,78.29588889,30.41322222,Tiwari2023
Quercus semecarpifolia,78.85105556,30.65377778,Tiwari2023
Quercus semecarpifolia,79.43083333,30.64522222,Tiwari2023
Quercus semecarpifolia,78.58458333,30.81627778,Tiwari2023
Quercus semecarpifolia,78.56013889,30.45463889,Tiwari2023
Quercus semecarpifolia,78.84169444,30.59538889,Tiwari2023
Quercus semecarpifolia,78.59205556,30.45675,Tiwari2023
Quercus semecarpifolia,78.668,30.40813889,Sharma2018
Quercus semecarpifolia,78.66155556,30.41291667,Sharma2018
Quercus semecarpifolia,78.76969444,30.81627778,Sharma2018
Quercus semecarpifolia,78.77002778,30.83141667,Sharma2018
Quercus semecarpifolia,78.79305556,30.83227778,Sharma2018
Rhododendron arboreum,80.11953333,33.90938333,Amare2016
Rhododendron arboreum,75.94546667,32.54456667,Barman2023
Rhododendron arboreum,75.95811667,32.54073333,Barman2023
Rhododendron arboreum,76.06665,32.53973333,Barman2023
Rhododendron arboreum,76.04516667,32.47578333,Barman2023
Rhododendron arboreum,76.051,32.54755,Barman2023
Rhododendron arboreum,78.84611111,30.14638889,Chauhan2021
Rhododendron arboreum,78.86305556,30.1675,Chauhan2021
Rhododendron arboreum,79.06472222,30.34333333,Chauhan2021
Rhododendron arboreum,79.09361111,30.3525,Chauhan2021
Rhododendron arboreum,78.36166667,30.40166667,Chauhan2021
Rhododendron arboreum,78.41805556,30.30361111,Chauhan2021
Rhododendron arboreum,79.18138889,30.19305556,Chauhan2021
Rhododendron arboreum,79.21083333,30.20805556,Chauhan2021
Rhododendron arboreum,80.00148056,29.29613889,Joshi2023
Rhododendron arboreum,79.51683,29.41482,Mamgain2018
Rhododendron arboreum,79.5513,29.41912,Mamgain2018
Rhododendron arboreum,79.65207,29.47102,Mamgain2018
Rhododendron arboreum,79.4547,29.35553,Mamgain2018
Rhododendron arboreum,79.44683,29.40625,Mamgain2018
Rhododendron arboreum,79.37977,29.47778,Mamgain2018
Rhododendron arboreum,79.52055,29.38303,Mamgain2018
Rhododendron arboreum,79.40735,29.46122,Mamgain2018
Rhododendron arboreum,79.61908,29.32382,Mamgain2018
Rhododendron arboreum,79.44077,29.41089,Mamgain2018
Rhododendron arboreum,79.43965,29.40298,Mamgain2018
Rhododendron arboreum,79.75372,29.70737,Mamgain2018
Rhododendron arboreum,79.82075,29.66212,Mamgain2018
Rhododendron arboreum,79.83718,29.57097,Mamgain2018
Rhododendron arboreum,79.5513,29.59063,Mamgain2018
Rhododendron arboreum,79.47165,29.83572,Mamgain2018
Rhododendron arboreum,79.45012,29.60895,Mamgain2018
Rhododendron arboreum,79.67214,29.62575,Mamgain2018
Rhododendron arboreum,79.44833,29.82306,Mamgain2018
Rhododendron arboreum,79.50663,29.67041,Mamgain2018
Rhododendron arboreum,79.71805,29.55,Mamgain2018
Rhododendron arboreum,79.42607,29.63878,Mamgain2018
Rhododendron arboreum,79.60285,29.83968,Mamgain2018
Rhododendron arboreum,79.99788,30.20002,Mamgain2018
Rhododendron arboreum,80.04003,30.18472,Mamgain2018
Rhododendron arboreum,79.94083,30.1774,Mamgain2018
Rhododendron arboreum,79.92438,30.06935,Mamgain2018
Rhododendron arboreum,80.06937,29.38797,Mamgain2018
Rhododendron arboreum,79.95589,29.28702,Mamgain2018
Rhododendron arboreum,80.24563,29.80405,Mamgain2018
Rhododendron arboreum,80.03315,29.8425,Mamgain2018
Rhododendron arboreum,80.22078,30.05945,Mamgain2018
Rhododendron arboreum,80.3202,29.99205,Mamgain2018
Rhododendron arboreum,80.19866,30.0391,Mamgain2018
Rhododendron arboreum,80.60545,30.1466,Mamgain2018
Rhododendron arboreum,80.2217,30.21476,Mamgain2018
Rhododendron arboreum,80.24666,30.15231,Mamgain2018
Rhododendron arboreum,80.20732,29.80591,Mamgain2018
Rhododendron arboreum,80.01137,29.85538,Mamgain2018
Rhododendron arboreum,80.41612,29.90496,Mamgain2018
Rhododendron arboreum,80.23673,29.52769,Mamgain2018
Rhododendron arboreum,80.28475,29.86953,Mamgain2018
Rhododendron arboreum,80.2871,29.653,Mamgain2018
Rhododendron arboreum,80.03346,29.66079,Mamgain2018
Rhododendron arboreum,80.24102,29.81543,Mamgain2018
Rhododendron arboreum,80.65378,29.96902,Mamgain2018
Rhododendron arboreum,78.87662,29.96177,Mamgain2018
Rhododendron arboreum,78.86737,30.17002,Mamgain2018
Rhododendron arboreum,78.99192,30.01852,Mamgain2018
Rhododendron arboreum,79.04877,30.02117,Mamgain2018
Rhododendron arboreum,79.01488,29.76502,Mamgain2018
Rhododendron arboreum,78.68561,29.84031,Mamgain2018
Rhododendron arboreum,78.76881,30.14897,Mamgain2018
Rhododendron arboreum,78.98725,30.05478,Mamgain2018
Rhododendron arboreum,78.28848,30.40565,Mamgain2018
Rhododendron arboreum,78.24483,30.4211,Mamgain2018
Rhododendron arboreum,78.11652,30.58258,Mamgain2018
Rhododendron arboreum,78.44003,30.57505,Mamgain2018
Rhododendron arboreum,78.81682,30.53335,Mamgain2018
Rhododendron arboreum,78.1412,30.58553,Mamgain2018
Rhododendron arboreum,78.61857,30.30288,Mamgain2018
Rhododendron arboreum,78.66882,30.64238,Mamgain2018
Rhododendron arboreum,78.83412,30.61973,Mamgain2018
Rhododendron arboreum,78.09037,30.46867,Mamgain2018
Rhododendron arboreum,77.86705,30.70068,Mamgain2018
Rhododendron arboreum,78.05377,30.45823,Mamgain2018
Rhododendron arboreum,78.05053,30.46881,Mamgain2018
Rhododendron arboreum,78.48803,30.64453,Mamgain2018
Rhododendron arboreum,78.60455,30.84173,Mamgain2018
Rhododendron arboreum,78.24067,31.0751,Mamgain2018
Rhododendron arboreum,78.4542,30.98882,Mamgain2018
Rhododendron arboreum,78.48447,30.85337,Mamgain2018
Rhododendron arboreum,78.20282,31.04021,Mamgain2018
Rhododendron arboreum,78.12373,30.95075,Mamgain2018
Rhododendron arboreum,79.02628,30.65397,Mamgain2018
Rhododendron arboreum,78.97495,30.63392,Mamgain2018
Rhododendron arboreum,79.14177,30.58897,Mamgain2018
Rhododendron arboreum,79.21643,30.62828,Mamgain2018
Rhododendron arboreum,79.20077,30.48662,Mamgain2018
Rhododendron arboreum,79.04516,30.59024,Mamgain2018
Rhododendron arboreum,79.0251,30.61365,Mamgain2018
Rhododendron arboreum,79.00288,30.61548,Mamgain2018
Rhododendron arboreum,78.99016,30.62309,Mamgain2018
Rhododendron arboreum,78.97267,30.68378,Mamgain2018
Rhododendron arboreum,79.34034,30.46289,Mamgain2018
Rhododendron arboreum,79.56062,30.52928,Mamgain2018
Rhododendron arboreum,79.61523,30.21445,Mamgain2018
Rhododendron arboreum,79.65138,30.20272,Mamgain2018
Rhododendron arboreum,79.19786,30.34483,Mamgain2018
Rhododendron arboreum,79.58536,30.65461,Mamgain2018
Rhododendron arboreum,79.58932,30.70092,Mamgain2018
Rhododendron arboreum,79.71357,30.49462,Mamgain2018
Rhododendron arboreum,79.75243,30.52399,Mamgain2018
Rhododendron arboreum,79.75664,30.54303,Mamgain2018
Rhododendron arboreum,77.4,31.75,Paul2019
Rhododendron arboreum,77.36305556,31.76583333,Sharma2013
Rhododendron arboreum,77.35527778,31.76222222,Sharma2013
Rhododendron arboreum,77.37083333,31.8375,Sharma2013
Rhododendron arboreum,77.31027778,31.80888889,Sharma2013
Rhododendron arboreum,79.92506944,30.15909722,Shekhar2022
Rhododendron arboreum,80.35141667,30.08943056,Shekhar2022
Rhododendron arboreum,79.24163889,30.45319444,Shekhar2022
Rhododendron arboreum,79.56494444,30.52397222,Shekhar2022
Rhododendron arboreum,79.728,30.14288889,Shekhar2022
Rhododendron arboreum,79.30883333,30.4865,Shekhar2022
Rhododendron arboreum,77.91633333,30.78122222,Shekhar2022
Rhododendron arboreum,77.83272222,30.75844444,Shekhar2022
Rhododendron arboreum,77.75567222,30.94284722,Shekhar2022
Rhododendron arboreum,77.94200556,31.07233611,Shekhar2022
Rhododendron arboreum,77.86611944,30.74791111,Shekhar2022
Rhododendron arboreum,79.43557778,29.4063,Shekhar2022
Rhododendron arboreum,79.32799444,29.50275556,Shekhar2022
Rhododendron arboreum,79.10280833,30.05176389,Shekhar2022
Rhododendron arboreum,78.99333056,30.04969167,Shekhar2022
Rhododendron arboreum,80.65511944,29.97948056,Shekhar2022
Rhododendron arboreum,80.648575,30.029925,Shekhar2022
Rhododendron arboreum,78.94639444,30.49469444,Shekhar2022
Rhododendron arboreum,79.20197778,30.486475,Shekhar2022
Rhododendron arboreum,78.93444444,30.63472222,Shekhar2022
Rhododendron arboreum,78.141525,30.58561111,Shekhar2022
Rhododendron arboreum,78.67266667,30.68152778,Shekhar2022
Rhododendron arboreum,78.83944444,30.67439167,Shekhar2022
Rhododendron arboreum,78.21083056,30.75648333,Shekhar2022
Rhododendron arboreum,78.50488889,30.66483333,Shekhar2022
Rhododendron arboreum,78.46011111,30.99516667,Shekhar2022
Rhododendron arboreum,78.66033333,30.84122222,Shekhar2022
Rhododendron arboreum,78.77766667,31.31066667,Singh2016
Rhododendron arboreum,77.41541667,31.82105,Singh2021
Rhododendron arboreum,77.47943333,31.6824,Singh2021
Rhododendron arboreum,78.55905556,30.8265,Tiwari2018
Rhododendron arboreum,78.21891667,30.44063889,Tiwari2018
Rhododendron arboreum,78.47297222,30.14236111,Tiwari2018
Rhododendron arboreum,79.21583333,30.60022222,Tiwari2018
Rhododendron arboreum,78.51466667,30.91752778,Tiwari2018
Rhododendron arboreum,78.83991667,30.55441667,Tiwari2023
Rhododendron arboreum,78.27475,30.40961111,Tiwari2023
Rhododendron arboreum,78.85105556,30.65377778,Tiwari2023
Rhododendron arboreum,78.27902778,30.40016667,Tiwari2023
Rhododendron arboreum,78.58458333,30.81627778,Tiwari2023
Rhododendron arboreum,78.49916667,30.41522222,Tiwari2023
Rhododendron arboreum,78.47297222,30.63744444,Tiwari2023
Rhododendron arboreum,78.56013889,30.45463889,Tiwari2023
Rhododendron arboreum,78.683,30.90436111,Tiwari2023
Rhododendron arboreum,78.84169444,30.59538889,Tiwari2023
Rhododendron arboreum,78.59205556,30.45675,Tiwari2023
Rhododendron arboreum,78.47941667,30.63622222,Tiwari2023
Rhododendron arboreum,78.78369444,30.488,Tiwari2023
Rhododendron arboreum,78.56436111,30.17516667,Tiwari2023
Rhododendron arboreum,78.66130556,30.17516667,Sharma2018
Rhododendron arboreum,78.683,30.79452778,Sharma2018
Rhododendron arboreum,78.668,30.40813889,Sharma2018
Rhododendron arboreum,78.66155556,30.41291667,Sharma2018
Rhododendron arboreum,78.79305556,30.83227778,Sharma2018
Rhododendron barbatum,80.35141667,30.08943056,Shekhar2022
Rhododendron barbatum,79.24163889,30.45319444,Shekhar2022
Rhododendron barbatum,80.21253889,30.06418889,Shekhar2022
Rhododendron campanulatum,80.21253889,30.06418889,Shekhar2022
Rhododendron campanulatum,79.20197778,30.486475,Shekhar2022
Rhododendron campanulatum,78.83944444,30.67439167,Shekhar2022
Rhododendron campanulatum,78.46011111,30.99516667,Shekhar2022
Rhododendron campanulatum,77.45972222,31.75833333,Singh2021
Rhododendron campanulatum,77.49321667,31.71743333,Singh2021
Rhododendron campanulatum,77.49476667,31.71303333,Singh2021
Rhus wallichi,77.37,31.75,Paul2019
Rhus wallichi,77.7,31.36,Paul2019
Ribes glaciale,77.49063333,31.6974,Singh2021
Ribes glaciale,77.48986667,31.69746667,Singh2021
Ribes himalense,77.49476667,31.71303333,Singh2021
Ribes orientale,77.5167,31.65976667,Singh2021
Robinia pseudoacacia,76.0627,32.59623333,Barman2023
Rosa brunonii,77.38416667,31.78027778,Sharma2013
Rosa macrophylla,77.49321667,31.71743333,Singh2021
Rosa sericea,77.49068333,31.69431667,Singh2021
Rosa sericea,77.48986667,31.69746667,Singh2021
Rubus biflorus,77.25833333,32.06138889,Sharma2013
Rubus ellipticus,79.57608333,29.37288889,KumarMukesh2021
Rubus ellipticus,79.5945,29.38236111,KumarMukesh2021
Rubus ellipticus,79.52277778,29.37319444,KumarMukesh2021
Salix acutifolia,77.3825,31.99916667,Sharma2013
Salix daphnoides,76.45,32.76,Paul2019
Salix daphnoides,77.45027778,31.9975,Sharma2013
Sarcococca saligna,77.35555556,31.87777778,Sharma2013
Shorea robusta,79.46125139,29.34672389,Bargali2022
Shorea robusta,79.40130278,29.46306972,Bargali2022
Shorea robusta,79.65217556,29.46564139,Bargali2022
Shorea robusta,79.65273389,29.39512417,Bargali2022
Shorea robusta,79.65471611,29.23717944,Bargali2022
Shorea robusta,79.53938056,29.49164222,Bargali2022
Shorea robusta,79.65471611,29.23717944,Bargali2022
Shorea robusta,79.63745083,29.39074889,Bargali2022
Shorea robusta,79.34104361,29.29838667,Bargali2022
Shorea robusta,79.70686778,29.42063222,Bargali2022
Shorea robusta,79.60410972,29.37789444,Bargali2022
Shorea robusta,79.34104361,29.29838667,Bargali2022
Shorea robusta,79.65683333,30.35,Joshi2022
Shorea robusta,80.01000833,29.50020278,Joshi2023
Shorea robusta,78.0928,30.2508,Kaur2023
Shorea robusta,78.0943,30.249,Kaur2023
Shorea robusta,78.0943,30.2467,Kaur2023
Shorea robusta,78.0943,30.2442,Kaur2023
Shorea robusta,78.097,30.2424,Kaur2023
Shorea robusta,78.0989,30.2412,Kaur2023
Shorea robusta,78.0977,30.2369,Kaur2023
Shorea robusta,78.1011,30.2339,Kaur2023
Shorea robusta,78.1079,30.2312,Kaur2023
Shorea robusta,78.1124,30.229,Kaur2023
Shorea robusta,78.1133,30.2261,Kaur2023
Shorea robusta,78.1198,30.2223,Kaur2023
Shorea robusta,78.1206,30.2188,Kaur2023
Shorea robusta,78.1255,30.2139,Kaur2023
Shorea robusta,78.1239,30.2116,Kaur2023
Shorea robusta,78.1246,30.2047,Kaur2023
Shorea robusta,78.1689,30.1139,Kaur2023
Shorea robusta,78.1696,30.1112,Kaur2023
Shorea robusta,78.1723,30.1091,Kaur2023
Shorea robusta,78.1732,30.1063,Kaur2023
Shorea robusta,78.1767,30.1028,Kaur2023
Shorea robusta,78.1852,30.0913,Kaur2023
Shorea robusta,78.2127,30.0594,Kaur2023
Shorea robusta,78.2052,30.0336,Kaur2023
Shorea robusta,78.2045,30.0264,Kaur2023
Shorea robusta,78.2024,30.0213,Kaur2023
Shorea robusta,78.2004,30.0197,Kaur2023
Shorea robusta,78.1999,30.0167,Kaur2023
Shorea robusta,78.1947,30.0139,Kaur2023
Shorea robusta,78.1938,30.0112,Kaur2023
Shorea robusta,78.1914,30.0099,Kaur2023
Shorea robusta,78.1929,30.0097,Kaur2023
Shorea robusta,78.1897,30.0109,Kaur2023
Shorea robusta,78.1904,30.0126,Kaur2023
Shorea robusta,78.1907,30.0134,Kaur2023
Shorea robusta,78.1883,30.0129,Kaur2023
Shorea robusta,78.1842,30.016,Kaur2023
Shorea robusta,78.1824,30.0169,Kaur2023
Shorea robusta,78.181,30.017,Kaur2023
Shorea robusta,78.187,30.0001,Kaur2023
Shorea robusta,78.181,29.9345,Kaur2023
Shorea robusta,78.1793,29.9337,Kaur2023
Shorea robusta,77.9599,30.2375,Kaur2023
Shorea robusta,77.9647,30.2378,Kaur2023
Shorea robusta,77.9676,30.3949,Kaur2023
Shorea robusta,77.9695,30.2401,Kaur2023
Shorea robusta,77.9698,30.2418,Kaur2023
Shorea robusta,77.9723,30.242,Kaur2023
Shorea robusta,77.9727,30.2442,Kaur2023
Shorea robusta,77.9745,30.2456,Kaur2023
Shorea robusta,77.9759,30.2469,Kaur2023
Shorea robusta,77.9747,30.2474,Kaur2023
Shorea robusta,77.9757,30.2483,Kaur2023
Shorea robusta,77.9753,30.2492,Kaur2023
Shorea robusta,77.9762,30.2496,Kaur2023
Shorea robusta,77.9759,30.2507,Kaur2023
Shorea robusta,77.9767,30.2514,Kaur2023
Shorea robusta,77.9764,30.2525,Kaur2023
Shorea robusta,77.9772,30.2528,Kaur2023
Shorea robusta,77.9767,30.2535,Kaur2023
Shorea robusta,77.9774,30.2547,Kaur2023
Shorea robusta,77.9769,30.2557,Kaur2023
Shorea robusta,77.9777,30.2563,Kaur2023
Shorea robusta,77.9776,30.2578,Kaur2023
Shorea robusta,77.979,30.2579,Kaur2023
Shorea robusta,77.9786,30.2587,Kaur2023
Shorea robusta,77.9786,30.2595,Kaur2023
Shorea robusta,77.9801,30.2598,Kaur2023
Shorea robusta,77.981,30.2605,Kaur2023
Shorea robusta,77.9815,30.2599,Kaur2023
Shorea robusta,77.9823,30.2605,Kaur2023
Shorea robusta,77.9805,30.2613,Kaur2023
Shorea robusta,77.9808,30.2623,Kaur2023
Shorea robusta,77.9969,30.2647,Kaur2023
Shorea robusta,77.996,30.2626,Kaur2023
Shorea robusta,77.9931,30.2597,Kaur2023
Shorea robusta,77.9942,30.2566,Kaur2023
Shorea robusta,77.9993,30.2552,Kaur2023
Shorea robusta,77.8836,30.3492,Kaur2023
Shorea robusta,77.8827,30.3472,Kaur2023
Shorea robusta,77.8748,30.3477,Kaur2023
Shorea robusta,78.24149,30.16095,Kaur2023
Shorea robusta,78.24157,30.16088,Kaur2023
Shorea robusta,78.24287,30.15705,Kaur2023
Shorea robusta,78.24379,30.15344,Kaur2023
Shorea robusta,78.24477,30.14957,Kaur2023
Shorea robusta,78.24524,30.14662,Kaur2023
Shorea robusta,78.2459,30.14377,Kaur2023
Shorea robusta,78.24665,30.13959,Kaur2023
Shorea robusta,78.24977,30.13558,Kaur2023
Shorea robusta,78.25247,30.13287,Kaur2023
Shorea robusta,78.25534,30.13087,Kaur2023
Shorea robusta,78.26065,30.12822,Kaur2023
Shorea robusta,78.26902,30.12274,Kaur2023
Shorea robusta,78.35774,30.12664,Kaur2023
Shorea robusta,78.43512,30.09186,Kaur2023
Shorea robusta,78.45212,30.07031,Kaur2023
Shorea robusta,78.45407,30.06986,Kaur2023
Shorea robusta,78.46354,30.06851,Kaur2023
Shorea robusta,78.46435,30.06834,Kaur2023
Shorea robusta,78.46564,30.06822,Kaur2023
Shorea robusta,78.4663,30.06701,Kaur2023
Shorea robusta,78.46806,30.06724,Kaur2023
Shorea robusta,78.46959,30.06763,Kaur2023
Shorea robusta,78.47001,30.06766,Kaur2023
Shorea robusta,78.48099,30.06553,Kaur2023
Shorea robusta,79.3072,29.3414,Kaur2023
Shorea robusta,79.3103,29.3492,Kaur2023
Shorea robusta,78.6,29.8,Kaur2023
Shorea robusta,79.3984,29.3505,Kaur2023
Shorea robusta,79.5511,28.9415,Kaur2023
Shorea robusta,80.1667,29.2777,Kaur2023
Shorea robusta,78.091291,30.334763,Kaur2023
Shorea robusta,78.088252,30.326642,Kaur2023
Shorea robusta,77.816357,30.473484,Kaur2023
Shorea robusta,77.873709,30.476028,Kaur2023
Shorea robusta,78.280948,30.031524,Kaur2023
Shorea robusta,78.298303,30.075978,Kaur2023
Shorea robusta,78.630264,29.815777,Kaur2023
Shorea robusta,78.643657,29.81601,Kaur2023
Shorea robusta,78.647517,29.819132,Kaur2023
Shorea robusta,78.653218,29.820924,Kaur2023
Shorea robusta,77.9787,30.2416,Kaur2023
Shorea robusta,77.9944,30.2312,Kaur2023
Shorea robusta,78.0138,30.2424,Kaur2023
Shorea robusta,78.0204,30.2258,Kaur2023
Shorea robusta,78.0229,30.2014,Kaur2023
Shorea robusta,78.0301,30.2172,Kaur2023
Shorea robusta,78.0333,30.1805,Kaur2023
Shorea robusta,78.0496,30.1734,Kaur2023
Shorea robusta,78.0554,30.1966,Kaur2023
Shorea robusta,78.0294,30.1703,Kaur2023
Shorea robusta,78.0614,30.1468,Kaur2023
Shorea robusta,78.0402,30.1387,Kaur2023
Shorea robusta,78.0622,30.1271,Kaur2023
Shorea robusta,78.0779,30.1356,Kaur2023
Shorea robusta,78.0906,30.1186,Kaur2023
Shorea robusta,78.1068,30.1051,Kaur2023
Shorea robusta,78.1049,30.0974,Kaur2023
Shorea robusta,78.1092,30.0846,Kaur2023
Shorea robusta,78.1228,30.0664,Kaur2023
Shorea robusta,78.0986,30.0689,Kaur2023
Shorea robusta,78.0897,30.0529,Kaur2023
Shorea robusta,78.1485,30.0688,Kaur2023
Shorea robusta,78.1608,30.0637,Kaur2023
Shorea robusta,78.1364,30.0603,Kaur2023
Shorea robusta,78.1395,30.0412,Kaur2023
Shorea robusta,78.1316,30.0435,Kaur2023
Shorea robusta,78.1482,30.0313,Kaur2023
Shorea robusta,78.1185,30.0253,Kaur2023
Shorea robusta,78.0948,30.038,Kaur2023
Shorea robusta,78.1163,30.0518,Kaur2023
Shorea robusta,78.1309,30.0511,Kaur2023
Shorea robusta,77.94,30.1425,Kaur2023
Shorea robusta,77.9493,30.1077,Kaur2023
Shorea robusta,77.9809,30.1036,Kaur2023
Shorea robusta,77.9044,30.1369,Kaur2023
Shorea robusta,77.9328,30.1591,Kaur2023
Shorea robusta,77.9745,30.0601,Kaur2023
Shorea robusta,77.98,30.0849,Kaur2023
Shorea robusta,77.9634,30.2389,Kaur2023
Shorea robusta,78.18,29.9873,Kaur2023
Shorea robusta,78.175,29.9739,Kaur2023
Shorea robusta,78.3211,29.8839,Kaur2023
Shorea robusta,78.3143,30.0407,Kaur2023
Shorea robusta,78.327,30.094,Kaur2023
Shorea robusta,78.0759,30.314,Kaur2023
Shorea robusta,77.9742,30.2847,Kaur2023
Shorea robusta,77.9729,30.2836,Kaur2023
Shorea robusta,77.9996,30.3438,Kaur2023
Shorea robusta,78.0942,30.2514,Kaur2023
Shorea robusta,79.1376,29.4935,Kaur2023
Shorea robusta,79.2281,29.4564,Kaur2023
Shorea robusta,78.2781,30.0036,Kaur2023
Shorea robusta,77.975,30.2865,Kaur2023
Shorea robusta,78.1585,30.027,Kaur2023
Shorea robusta,78.9434,29.5197,Kaur2023
Shorea robusta,78.9522,29.2159,Kaur2023
Shorea robusta,79.53,29.3,Kaur2023
Shorea robusta,79.34796389,29.285375,Pandey2023
Shorea robusta,79.30148333,29.32324722,Pandey2023
Shorea robusta,79.54699722,29.28611944,Pandey2023
Shorea robusta,79.54558611,29.29842222,Pandey2023
Shorea robusta,78.33080556,30.06902778,Sharma2018
Shorea robusta,78.71938889,29.93358333,Sharma2018
Sorbaria tomentosa,77.4375,31.99861111,Sharma2013
Sorbaria tomentosa,77.26805556,32.06916667,Sharma2013
Sorbus wallichii,77.49476667,31.71303333,Singh2021
Spiraea bella,77.49321667,31.71743333,Singh2021
Spirea bella,77.5167,31.65976667,Singh2021
Syzygium cumini,79.34796389,29.285375,Pandey2023
Syzygium cumini,79.30148333,29.32324722,Pandey2023
Syzygium cumini,79.54699722,29.28611944,Pandey2023
Syzygium cumini,79.54558611,29.29842222,Pandey2023
Taxus wallichiana,77.44,32.02,Paul2019
Taxus wallichiana,76.17,32.93,Paul2019
Taxus wallichiana,77.31638889,31.79916667,Sharma2013
Taxus wallichiana,77.24888889,32.05444444,Sharma2013
Taxus wallichiana,80.35141667,30.08943056,Shekhar2022
Taxus wallichiana,79.24163889,30.45319444,Shekhar2022
Taxus wallichiana,79.56494444,30.52397222,Shekhar2022
Taxus wallichiana,79.728,30.14288889,Shekhar2022
Taxus wallichiana,79.30883333,30.4865,Shekhar2022
Taxus wallichiana,77.94200556,31.07233611,Shekhar2022
Taxus wallichiana,77.86611944,30.74791111,Shekhar2022
Taxus wallichiana,79.10280833,30.05176389,Shekhar2022
Taxus wallichiana,80.21253889,30.06418889,Shekhar2022
Taxus wallichiana,80.65511944,29.97948056,Shekhar2022
Taxus wallichiana,80.648575,30.029925,Shekhar2022
Taxus wallichiana,78.94639444,30.49469444,Shekhar2022
Taxus wallichiana,79.20197778,30.486475,Shekhar2022
Taxus wallichiana,78.93444444,30.63472222,Shekhar2022
Taxus wallichiana,78.141525,30.58561111,Shekhar2022
Taxus wallichiana,78.67266667,30.68152778,Shekhar2022
Taxus wallichiana,78.83944444,30.67439167,Shekhar2022
Taxus wallichiana,78.21083056,30.75648333,Shekhar2022
Taxus wallichiana,78.50488889,30.66483333,Shekhar2022
Taxus wallichiana,78.46011111,30.99516667,Shekhar2022
Taxus wallichiana,78.66033333,30.84122222,Shekhar2022
Taxus wallichiana,77.67778333,31.80808333,Singh2021
Taxus wallichiana,77.51153333,31.80753333,Singh2021
Taxus wallichiana,77.42268333,31.86341667,Singh2021
Taxus wallichiana,77.42248333,31.8583,Singh2021
Taxus wallichiana,77.42031667,31.83115,Singh2021
Taxus wallichiana,77.41963333,31.82696667,Singh2021
Taxus wallichiana,77.39826667,31.68635,Singh2021
Taxus wallichiana,77.51083333,31.66333333,Singh2021
Taxus wallichiana,77.51305,31.66051667,Singh2021
Taxus wallichiana,77.51578333,31.6654,Singh2021
Taxus wallichiana,77.5181,31.67293333,Singh2021
Taxus wallichiana,77.51706667,31.669,Singh2021
Taxus wallichiana,77.51141667,31.66065,Singh2021
Taxus wallichiana,77.5252,31.67358333,Singh2021
Taxus wallichiana,77.5235,31.67381833,Singh2021
Taxus wallichiana,78.55905556,30.8265,Tiwari2018
Taxus wallichiana,78.683,30.79452778,Sharma2018
Tectona grandis,79.34104361,29.29838667,Bargali2022
Tectona grandis,79.70686778,29.42063222,Bargali2022
Tectona grandis,79.60410972,29.37789444,Bargali2022
Tectona grandis,79.34104361,29.29838667,Bargali2022
Tectona grandis,79.54558611,29.29842222,Pandey2023
Terminalia chebula,79.54558611,29.29842222,Pandey2023
Terminalia elliptica,79.56893917,29.42036889,Bargali2022
Terminalia elliptica,79.46125139,29.34672389,Bargali2022
Terminalia elliptica,79.44346972,29.42892667,Bargali2022
Terminalia elliptica,78.15411111,29.95457778,Bargali2022
Toona ciliata,76.0627,32.59623333,Barman2023
Toona ciliata,79.30148333,29.32324722,Pandey2023
Toona ciliata,77.37,31.76972222,Sharma2013
Tsuga dimosa,80.65511944,29.97948056,Shekhar2022
Tsuga dimosa,80.648575,30.029925,Shekhar2022
Ulmus villosa,77.40138889,31.77777778,Sharma2013
Ulmus villosa,77.41527778,31.97027778,Sharma2013
Ulmus villosa,77.27805556,32.08472222,Sharma2013
Ulmus villosa,77.26944444,32.05944444,Sharma2013
Ulmus villosa,77.27222222,32.07,Sharma2013
Ulmus vilosa,76.99,32.03,Paul2019
Ulmus wallichiana,77.4,31.82,Paul2019
Ulmus wallichiana,77.38444444,31.76861111,Sharma2013
Viburnum mullaha,77.3363,31.87393333,Singh2021
Viburnum mullaha,77.49063333,31.6974,Singh2021
Wikstroemia canescens,77.33083333,31.78638889,Sharma2013
